create table if not exists passports (
	id INTEGER PRIMARY KEY AUTOINCREMENT,
	ssn VARCHAR(50),
	name VARCHAR(50),
	gender VARCHAR(6),
	DOB DATE,
	height INT,
	hair_color VARCHAR(6),
	nationality VARCHAR(50)
);

CREATE TABLE if not exists animals (
	id INTEGER PRIMARY KEY AUTOINCREMENT,
	name VARCHAR,
	breed VARCHAR,
	vaccinated BOOLEAN,
	passport_id INTEGER,
	
	FOREIGN KEY (passport_id) REFERENCES passports(id)
);

CREATE TABLE if not exists departures (
	id INTEGER PRIMARY KEY AUTOINCREMENT,
	airline VARCHAR,
	flight_number VARCHAR,
	destination VARCHAR,
	departure_at DATETIME
);

CREATE TABLE if not exists travelers (
	id INTEGER PRIMARY KEY AUTOINCREMENT,
	passport_id INTEGER,
	departure_id INTEGER,
	
	FOREIGN KEY (passport_id) REFERENCES passport(id),
	FOREIGN KEY (departure_id) REFERENCES departures(id)
);

CREATE TABLE if not exists staff (
	id INTEGER PRIMARY KEY AUTOINCREMENT,
	name VARCHAR,
	department VARCHAR,
	last_shift DATETIME,
	hired_at DATE
);

CREATE TABLE if not exists security_observation (
	id INTEGER PRIMARY KEY AUTOINCREMENT,
	observation TEXT,
	staff_member INTEGER,
	created_at DATETIME,
	caution_level INTEGER,
	
	FOREIGN KEY (staff_member) REFERENCES staff(id)
);

CREATE TABLE if not exists solution (
	user INTEGER,
	value VARCHAR
);

insert into passports (id, ssn, name, gender, DOB, height, hair_color, nationality) values (1, '228-26-9546', 'Franz Lacasa', 'Female', '1/1/1990', 187, 'Black', 'Honduras');
insert into passports (id, ssn, name, gender, DOB, height, hair_color, nationality) values (2, '196-56-8411', 'Margery Wroughton', 'Female', '2/14/1977', 181, 'Blonde', 'South Africa');
insert into passports (id, ssn, name, gender, DOB, height, hair_color, nationality) values (3, '570-08-8657', 'Thibaud Luthwood', 'Male', '2/1/1994', 152, 'Bald', 'China');
insert into passports (id, ssn, name, gender, DOB, height, hair_color, nationality) values (4, '402-66-1259', 'Jordana Beglin', 'Male', '5/31/1956', 181, 'Black', 'China');
insert into passports (id, ssn, name, gender, DOB, height, hair_color, nationality) values (5, '139-44-8221', 'Oneida Percy', 'Male', '6/15/1960', 179, 'Brown', 'Indonesia');
insert into passports (id, ssn, name, gender, DOB, height, hair_color, nationality) values (6, '315-18-6921', 'Margit Griston', 'Male', '7/26/1974', 197, 'Bald', 'Indonesia');
insert into passports (id, ssn, name, gender, DOB, height, hair_color, nationality) values (7, '699-10-6920', 'Malanie Walbrook', 'Male', '8/7/1983', 163, 'Bald', 'Russia');
insert into passports (id, ssn, name, gender, DOB, height, hair_color, nationality) values (8, '137-27-6017', 'Kahaleel Benito', 'Female', '9/1/1962', 154, 'Red', 'France');
insert into passports (id, ssn, name, gender, DOB, height, hair_color, nationality) values (9, '779-32-2146', 'Nelie Normanell', 'Male', '11/24/1986', 183, 'Bald', 'Colombia');
insert into passports (id, ssn, name, gender, DOB, height, hair_color, nationality) values (10, '784-25-4231', 'Raven Ryce', 'Male', '1/31/1980', 156, 'Brown', 'China');
insert into passports (id, ssn, name, gender, DOB, height, hair_color, nationality) values (11, '845-62-1312', 'Marti Uren', 'Male', '7/29/1988', 188, 'Bald', 'Kazakhstan');
insert into passports (id, ssn, name, gender, DOB, height, hair_color, nationality) values (12, '215-59-0327', 'Kellina Bowcock', 'Male', '9/15/1957', 158, 'Blonde', 'France');
insert into passports (id, ssn, name, gender, DOB, height, hair_color, nationality) values (13, '215-27-2572', 'Christabella Di Filippo', 'Female', '9/15/1994', 167, 'Red', 'Poland');
insert into passports (id, ssn, name, gender, DOB, height, hair_color, nationality) values (14, '348-83-3111', 'Howard Studeart', 'Female', '7/12/1956', 175, 'Black', 'Finland');
insert into passports (id, ssn, name, gender, DOB, height, hair_color, nationality) values (15, '412-95-3430', 'Adam Olivie', 'Female', '5/3/1980', 185, 'Blonde', 'Georgia');
insert into passports (id, ssn, name, gender, DOB, height, hair_color, nationality) values (16, '353-24-3513', 'Nathan Burdge', 'Female', '2/12/1952', 163, 'Bald', 'China');
insert into passports (id, ssn, name, gender, DOB, height, hair_color, nationality) values (17, '844-55-9696', 'Demott Avann', 'Male', '10/4/1967', 198, 'Black', 'Syria');
insert into passports (id, ssn, name, gender, DOB, height, hair_color, nationality) values (18, '365-76-1179', 'Jarib Stair', 'Male', '11/28/1958', 159, 'Black', 'China');
insert into passports (id, ssn, name, gender, DOB, height, hair_color, nationality) values (19, '310-27-0057', 'Glenn Croasdale', 'Male', '4/29/1963', 150, 'Brown', 'China');
insert into passports (id, ssn, name, gender, DOB, height, hair_color, nationality) values (20, '285-38-4027', 'Mommy Iozefovich', 'Male', '11/24/1968', 182, 'Blonde', 'China');
insert into passports (id, ssn, name, gender, DOB, height, hair_color, nationality) values (21, '649-05-6064', 'Malorie Colombier', 'Female', '12/13/1980', 194, 'Brown', 'China');
insert into passports (id, ssn, name, gender, DOB, height, hair_color, nationality) values (22, '681-08-0282', 'Mattias Lenthall', 'Male', '5/21/1973', 166, 'Black', 'Portugal');
insert into passports (id, ssn, name, gender, DOB, height, hair_color, nationality) values (23, '894-70-0630', 'Danika Prendeguest', 'Male', '5/2/1957', 192, 'Black', 'China');
insert into passports (id, ssn, name, gender, DOB, height, hair_color, nationality) values (24, '248-57-7672', 'Whitney Grocock', 'Male', '5/15/1993', 199, 'Bald', 'Portugal');
insert into passports (id, ssn, name, gender, DOB, height, hair_color, nationality) values (25, '515-78-7320', 'Duncan Andreaccio', 'Male', '5/31/1993', 159, 'Bald', 'Portugal');
insert into passports (id, ssn, name, gender, DOB, height, hair_color, nationality) values (26, '771-04-1082', 'Cchaddie Sidary', 'Female', '6/5/1974', 182, 'Bald', 'Nicaragua');
insert into passports (id, ssn, name, gender, DOB, height, hair_color, nationality) values (27, '586-17-1734', 'Kathy Janodet', 'Female', '2/14/1960', 171, 'Brown', 'Peru');
insert into passports (id, ssn, name, gender, DOB, height, hair_color, nationality) values (28, '590-08-1971', 'Layton Bendtsen', 'Male', '10/10/1977', 159, 'Blonde', 'Belize');
insert into passports (id, ssn, name, gender, DOB, height, hair_color, nationality) values (29, '235-46-9555', 'Fritz Downham', 'Male', '10/1/1953', 200, 'Blonde', 'Vietnam');
insert into passports (id, ssn, name, gender, DOB, height, hair_color, nationality) values (30, '812-80-7319', 'Theobald Eakley', 'Female', '2/24/1977', 187, 'Bald', 'Haiti');
insert into passports (id, ssn, name, gender, DOB, height, hair_color, nationality) values (31, '517-83-5106', 'Malorie Dovidian', 'Female', '10/12/1968', 171, 'Blonde', 'Albania');
insert into passports (id, ssn, name, gender, DOB, height, hair_color, nationality) values (32, '278-05-2713', 'Eldon Mottini', 'Female', '4/25/1993', 168, 'Bald', 'Sweden');
insert into passports (id, ssn, name, gender, DOB, height, hair_color, nationality) values (33, '862-14-8839', 'Ynez Scamwell', 'Female', '2/19/1985', 180, 'Blonde', 'Russia');
insert into passports (id, ssn, name, gender, DOB, height, hair_color, nationality) values (34, '156-22-1199', 'Vonnie Olliff', 'Female', '8/18/1965', 189, 'Blonde', 'China');
insert into passports (id, ssn, name, gender, DOB, height, hair_color, nationality) values (35, '638-99-5293', 'Eugenius Darko', 'Male', '12/28/1972', 157, 'Brown', 'Micronesia');
insert into passports (id, ssn, name, gender, DOB, height, hair_color, nationality) values (36, '350-47-9759', 'Horton McClymont', 'Female', '8/22/1953', 192, 'Bald', 'Japan');
insert into passports (id, ssn, name, gender, DOB, height, hair_color, nationality) values (37, '270-27-7633', 'Marina Meneo', 'Female', '7/13/1995', 187, 'Bald', 'Japan');
insert into passports (id, ssn, name, gender, DOB, height, hair_color, nationality) values (38, '843-80-8104', 'Sebastiano Aleksandrov', 'Male', '11/15/1969', 172, 'Red', 'South Africa');
insert into passports (id, ssn, name, gender, DOB, height, hair_color, nationality) values (39, '893-03-0134', 'Ara Boffey', 'Female', '1/22/1975', 171, 'Black', 'Philippines');
insert into passports (id, ssn, name, gender, DOB, height, hair_color, nationality) values (40, '478-34-1179', 'Averyl Swindley', 'Male', '4/4/1989', 155, 'Bald', 'China');
insert into passports (id, ssn, name, gender, DOB, height, hair_color, nationality) values (41, '197-03-4082', 'Tabitha Dytham', 'Male', '10/24/1970', 179, 'Bald', 'China');
insert into passports (id, ssn, name, gender, DOB, height, hair_color, nationality) values (42, '447-55-3856', 'Charmion Dauncey', 'Male', '6/8/1958', 197, 'Brown', 'China');
insert into passports (id, ssn, name, gender, DOB, height, hair_color, nationality) values (43, '310-73-1889', 'Stanwood Oakhill', 'Male', '1/24/1974', 163, 'Black', 'Canada');
insert into passports (id, ssn, name, gender, DOB, height, hair_color, nationality) values (44, '400-78-0849', 'Fonsie Gabbott', 'Male', '3/28/1980', 162, 'Black', 'Portugal');
insert into passports (id, ssn, name, gender, DOB, height, hair_color, nationality) values (45, '157-13-3736', 'Ozzy Geri', 'Male', '10/31/1991', 179, 'Black', 'Portugal');
insert into passports (id, ssn, name, gender, DOB, height, hair_color, nationality) values (46, '574-25-7317', 'Linea Sylvaine', 'Female', '10/12/1995', 168, 'Bald', 'Indonesia');
insert into passports (id, ssn, name, gender, DOB, height, hair_color, nationality) values (47, '652-67-2431', 'Marabel Adamec', 'Male', '4/23/1957', 153, 'Blonde', 'Indonesia');
insert into passports (id, ssn, name, gender, DOB, height, hair_color, nationality) values (48, '879-88-2032', 'Selig Ahern', 'Male', '7/9/1958', 193, 'Black', 'Indonesia');
insert into passports (id, ssn, name, gender, DOB, height, hair_color, nationality) values (49, '120-48-8921', 'Evita Cruess', 'Female', '8/25/1967', 159, 'Red', 'Indonesia');
insert into passports (id, ssn, name, gender, DOB, height, hair_color, nationality) values (50, '129-13-0482', 'Loreen Lenox', 'Female', '11/11/1961', 177, 'Red', 'Indonesia');
insert into passports (id, ssn, name, gender, DOB, height, hair_color, nationality) values (51, '185-31-5033', 'Ansell Blaxlande', 'Male', '3/24/1978', 192, 'Red', 'Armenia');
insert into passports (id, ssn, name, gender, DOB, height, hair_color, nationality) values (52, '296-20-3567', 'Malvina Bandt', 'Female', '11/15/1985', 175, 'Bald', 'Argentina');
insert into passports (id, ssn, name, gender, DOB, height, hair_color, nationality) values (53, '777-16-4362', 'Kristin Duffree', 'Female', '10/2/1955', 173, 'Black', 'Guam');
insert into passports (id, ssn, name, gender, DOB, height, hair_color, nationality) values (54, '699-47-1179', 'Stormie Dorot', 'Male', '3/27/1988', 175, 'Blonde', 'Portugal');
insert into passports (id, ssn, name, gender, DOB, height, hair_color, nationality) values (55, '636-12-9790', 'Naoma Likely', 'Female', '3/10/1988', 177, 'Bald', 'China');
insert into passports (id, ssn, name, gender, DOB, height, hair_color, nationality) values (56, '386-35-7063', 'Ara Burnham', 'Male', '2/26/1995', 200, 'Black', 'Argentina');
insert into passports (id, ssn, name, gender, DOB, height, hair_color, nationality) values (57, '728-85-6278', 'Montgomery Carslaw', 'Male', '8/25/1966', 186, 'Red', 'Ireland');
insert into passports (id, ssn, name, gender, DOB, height, hair_color, nationality) values (58, '167-61-4452', 'Linnet Thorndale', 'Male', '10/9/1987', 157, 'Black', 'Canada');
insert into passports (id, ssn, name, gender, DOB, height, hair_color, nationality) values (59, '788-74-7453', 'Melly Hars', 'Female', '2/12/1957', 199, 'Bald', 'China');
insert into passports (id, ssn, name, gender, DOB, height, hair_color, nationality) values (60, '166-17-0470', 'Muffin Bolwell', 'Male', '8/16/1982', 157, 'Red', 'Sweden');
insert into passports (id, ssn, name, gender, DOB, height, hair_color, nationality) values (61, '559-22-0914', 'Brooke Cockram', 'Female', '3/8/1960', 155, 'Brown', 'Philippines');
insert into passports (id, ssn, name, gender, DOB, height, hair_color, nationality) values (62, '750-37-7996', 'Town Gilbertson', 'Male', '1/9/1973', 199, 'Red', 'Armenia');
insert into passports (id, ssn, name, gender, DOB, height, hair_color, nationality) values (63, '503-94-9054', 'Chelsea Pauling', 'Female', '11/12/1974', 191, 'Bald', 'Poland');
insert into passports (id, ssn, name, gender, DOB, height, hair_color, nationality) values (64, '578-82-5480', 'Adrianne Giovannetti', 'Male', '8/2/1989', 190, 'Bald', 'Philippines');
insert into passports (id, ssn, name, gender, DOB, height, hair_color, nationality) values (65, '811-88-2897', 'Alysa Furman', 'Male', '1/10/1986', 170, 'Bald', 'China');
insert into passports (id, ssn, name, gender, DOB, height, hair_color, nationality) values (66, '249-82-3441', 'Corrinne Miskin', 'Male', '10/8/1992', 162, 'Brown', 'China');
insert into passports (id, ssn, name, gender, DOB, height, hair_color, nationality) values (67, '315-68-6248', 'Arabelle Maton', 'Female', '3/7/1990', 199, 'Red', 'Poland');
insert into passports (id, ssn, name, gender, DOB, height, hair_color, nationality) values (68, '444-88-8717', 'Wilbur Bearcroft', 'Female', '12/9/1950', 150, 'Black', 'China');
insert into passports (id, ssn, name, gender, DOB, height, hair_color, nationality) values (69, '272-14-2940', 'Josias Gidney', 'Female', '10/26/1989', 182, 'Black', 'Pakistan');
insert into passports (id, ssn, name, gender, DOB, height, hair_color, nationality) values (70, '153-35-4508', 'Bili Brunnen', 'Male', '3/21/1971', 156, 'Red', 'China');
insert into passports (id, ssn, name, gender, DOB, height, hair_color, nationality) values (71, '164-97-6793', 'Alva Klaaasen', 'Male', '1/1/1987', 181, 'Black', 'Indonesia');
insert into passports (id, ssn, name, gender, DOB, height, hair_color, nationality) values (72, '694-63-6332', 'Iorgo Bromige', 'Female', '2/16/1952', 170, 'Red', 'Netherlands');
insert into passports (id, ssn, name, gender, DOB, height, hair_color, nationality) values (73, '482-24-0380', 'Osmund Deeble', 'Male', '1/8/1965', 184, 'Blonde', 'Netherlands');
insert into passports (id, ssn, name, gender, DOB, height, hair_color, nationality) values (74, '644-96-1127', 'Ashbey Harower', 'Female', '6/19/1982', 157, 'Red', 'Czech Republic');
insert into passports (id, ssn, name, gender, DOB, height, hair_color, nationality) values (75, '123-63-2561', 'Aleta Warren', 'Female', '10/10/1981', 187, 'Black', 'China');
insert into passports (id, ssn, name, gender, DOB, height, hair_color, nationality) values (76, '446-99-7113', 'Theodoric Haslum', 'Male', '3/24/1977', 186, 'Bald', 'Russia');
insert into passports (id, ssn, name, gender, DOB, height, hair_color, nationality) values (77, '409-43-8766', 'Rhona MacGuiness', 'Female', '6/30/1975', 173, 'Blonde', 'Russia');
insert into passports (id, ssn, name, gender, DOB, height, hair_color, nationality) values (78, '167-53-9543', 'Stinky Ison', 'Male', '1/16/1968', 180, 'Brown', 'Lithuania');
insert into passports (id, ssn, name, gender, DOB, height, hair_color, nationality) values (79, '644-72-1167', 'Marabel Bisiker', 'Male', '2/20/1980', 177, 'Black', 'China');
insert into passports (id, ssn, name, gender, DOB, height, hair_color, nationality) values (80, '367-80-1686', 'Alley Ardley', 'Female', '7/31/1990', 177, 'Bald', 'Argentina');
insert into passports (id, ssn, name, gender, DOB, height, hair_color, nationality) values (81, '270-85-6956', 'Georgi Macia', 'Male', '3/20/1994', 194, 'Red', 'Indonesia');
insert into passports (id, ssn, name, gender, DOB, height, hair_color, nationality) values (82, '895-89-4733', 'Misty Arber', 'Male', '11/21/1957', 150, 'Black', 'Mozambique');
insert into passports (id, ssn, name, gender, DOB, height, hair_color, nationality) values (83, '119-86-3876', 'Lanae Aymerich', 'Female', '3/24/1982', 196, 'Brown', 'China');
insert into passports (id, ssn, name, gender, DOB, height, hair_color, nationality) values (84, '182-44-7163', 'Fonz Amott', 'Male', '7/2/1954', 185, 'Red', 'Laos');
insert into passports (id, ssn, name, gender, DOB, height, hair_color, nationality) values (85, '331-55-9596', 'Lind Eul', 'Female', '2/1/1971', 193, 'Red', 'China');
insert into passports (id, ssn, name, gender, DOB, height, hair_color, nationality) values (86, '497-26-8265', 'Fania Bog', 'Female', '11/1/1974', 163, 'Black', 'Russia');
insert into passports (id, ssn, name, gender, DOB, height, hair_color, nationality) values (87, '748-47-2423', 'Shandy Leydon', 'Male', '4/27/1965', 188, 'Red', 'China');
insert into passports (id, ssn, name, gender, DOB, height, hair_color, nationality) values (88, '315-01-0813', 'Burnaby Newsome', 'Female', '1/7/1961', 163, 'Red', 'Senegal');
insert into passports (id, ssn, name, gender, DOB, height, hair_color, nationality) values (89, '237-71-8863', 'Ange Watling', 'Female', '3/24/1981', 179, 'Blonde', 'Cuba');
insert into passports (id, ssn, name, gender, DOB, height, hair_color, nationality) values (90, '427-84-9904', 'Harlene Bridger', 'Female', '3/2/1970', 167, 'Bald', 'Thailand');
insert into passports (id, ssn, name, gender, DOB, height, hair_color, nationality) values (91, '543-35-2492', 'Bab Duce', 'Female', '9/13/1952', 191, 'Black', 'Philippines');
insert into passports (id, ssn, name, gender, DOB, height, hair_color, nationality) values (92, '739-75-9009', 'Lance Obin', 'Female', '1/10/1989', 167, 'Brown', 'Philippines');
insert into passports (id, ssn, name, gender, DOB, height, hair_color, nationality) values (93, '887-99-3914', 'Bridgette Lambeth', 'Female', '1/13/1988', 169, 'Red', 'Democratic Republic of the Congo');
insert into passports (id, ssn, name, gender, DOB, height, hair_color, nationality) values (94, '506-02-7633', 'Roy Lyffe', 'Male', '9/5/1955', 167, 'Red', 'Poland');
insert into passports (id, ssn, name, gender, DOB, height, hair_color, nationality) values (95, '264-46-4001', 'Nari Castelletti', 'Female', '2/3/1964', 198, 'Black', 'Mongolia');
insert into passports (id, ssn, name, gender, DOB, height, hair_color, nationality) values (96, '795-48-6644', 'Hube Danzig', 'Male', '10/29/1951', 162, 'Brown', 'Philippines');
insert into passports (id, ssn, name, gender, DOB, height, hair_color, nationality) values (97, '347-80-5957', 'Paulina Showte', 'Male', '9/19/1955', 166, 'Blonde', 'China');
insert into passports (id, ssn, name, gender, DOB, height, hair_color, nationality) values (98, '290-94-4497', 'Isa Risbie', 'Male', '7/27/1970', 160, 'Blonde', 'China');
insert into passports (id, ssn, name, gender, DOB, height, hair_color, nationality) values (99, '517-52-4819', 'Iona Boyford', 'Female', '12/27/1975', 196, 'Blonde', 'China');
insert into passports (id, ssn, name, gender, DOB, height, hair_color, nationality) values (100, '816-80-8109', 'Carley Land', 'Male', '5/8/1951', 183, 'Bald', 'Ghana');
insert into passports (id, ssn, name, gender, DOB, height, hair_color, nationality) values (101, '657-28-7104', 'Eula Gavigan', 'Female', '12/4/1980', 176, 'Bald', 'Kenya');
insert into passports (id, ssn, name, gender, DOB, height, hair_color, nationality) values (102, '660-33-0468', 'Elita MacCarrane', 'Female', '7/3/1979', 165, 'Brown', 'Greece');
insert into passports (id, ssn, name, gender, DOB, height, hair_color, nationality) values (103, '600-77-5560', 'Eugene Lushey', 'Female', '6/2/1978', 185, 'Black', 'Argentina');
insert into passports (id, ssn, name, gender, DOB, height, hair_color, nationality) values (104, '503-16-5624', 'Rhea Wilmut', 'Female', '1/28/1990', 199, 'Blonde', 'Poland');
insert into passports (id, ssn, name, gender, DOB, height, hair_color, nationality) values (105, '573-78-8302', 'Kettie Gorriessen', 'Male', '6/24/1988', 156, 'Brown', 'Indonesia');
insert into passports (id, ssn, name, gender, DOB, height, hair_color, nationality) values (106, '593-61-1086', 'Freda Caveney', 'Male', '8/29/1958', 195, 'Red', 'Zimbabwe');
insert into passports (id, ssn, name, gender, DOB, height, hair_color, nationality) values (107, '680-81-1881', 'Lisle Cheeney', 'Male', '4/21/1973', 171, 'Brown', 'Canada');
insert into passports (id, ssn, name, gender, DOB, height, hair_color, nationality) values (108, '793-52-2837', 'Gerhard Faichney', 'Male', '7/26/1966', 162, 'Brown', 'Norway');
insert into passports (id, ssn, name, gender, DOB, height, hair_color, nationality) values (109, '586-67-3829', 'Barnabe Oldroyd', 'Female', '2/21/1985', 174, 'Red', 'Afghanistan');
insert into passports (id, ssn, name, gender, DOB, height, hair_color, nationality) values (110, '740-09-0668', 'Ninette Hexum', 'Male', '10/26/1984', 188, 'Blonde', 'Russia');
insert into passports (id, ssn, name, gender, DOB, height, hair_color, nationality) values (111, '448-75-3770', 'Stevy Ivanichev', 'Female', '8/9/1962', 178, 'Brown', 'Philippines');
insert into passports (id, ssn, name, gender, DOB, height, hair_color, nationality) values (112, '732-56-2378', 'Powell Brommage', 'Male', '12/22/1985', 156, 'Brown', 'France');
insert into passports (id, ssn, name, gender, DOB, height, hair_color, nationality) values (113, '823-36-1410', 'Norine Houlton', 'Female', '3/22/1995', 178, 'Brown', 'Czech Republic');
insert into passports (id, ssn, name, gender, DOB, height, hair_color, nationality) values (114, '505-02-9449', 'Jewel McGonigal', 'Female', '10/24/1953', 165, 'Bald', 'Syria');
insert into passports (id, ssn, name, gender, DOB, height, hair_color, nationality) values (115, '893-10-5577', 'Currie Esh', 'Female', '10/13/1983', 164, 'Blonde', 'Georgia');
insert into passports (id, ssn, name, gender, DOB, height, hair_color, nationality) values (116, '484-03-1808', 'Pris Sussems', 'Female', '3/24/1954', 161, 'Blonde', 'China');
insert into passports (id, ssn, name, gender, DOB, height, hair_color, nationality) values (117, '156-04-3553', 'Fernandina Johnys', 'Female', '6/4/1961', 176, 'Bald', 'Indonesia');
insert into passports (id, ssn, name, gender, DOB, height, hair_color, nationality) values (118, '834-54-5581', 'Cherry Dumphy', 'Female', '4/24/1972', 189, 'Brown', 'Indonesia');
insert into passports (id, ssn, name, gender, DOB, height, hair_color, nationality) values (119, '451-96-0923', 'Leona Screaton', 'Female', '8/14/1957', 194, 'Red', 'Morocco');
insert into passports (id, ssn, name, gender, DOB, height, hair_color, nationality) values (120, '432-55-0163', 'Bettina Lyosik', 'Male', '7/10/1957', 171, 'Red', 'Mexico');
insert into passports (id, ssn, name, gender, DOB, height, hair_color, nationality) values (121, '165-62-0495', 'Annamaria Gilks', 'Male', '5/8/1981', 187, 'Blonde', 'Russia');
insert into passports (id, ssn, name, gender, DOB, height, hair_color, nationality) values (122, '281-99-6315', 'Udall O''Quin', 'Female', '1/5/1992', 158, 'Blonde', 'Ukraine');
insert into passports (id, ssn, name, gender, DOB, height, hair_color, nationality) values (123, '792-53-6906', 'Kerri Caldero', 'Male', '8/13/1955', 165, 'Black', 'Sweden');
insert into passports (id, ssn, name, gender, DOB, height, hair_color, nationality) values (124, '468-13-0865', 'Mab MacPhaden', 'Female', '1/12/1958', 180, 'Black', 'Thailand');
insert into passports (id, ssn, name, gender, DOB, height, hair_color, nationality) values (125, '128-76-2441', 'Shaun Hedges', 'Female', '12/30/1951', 171, 'Black', 'China');
insert into passports (id, ssn, name, gender, DOB, height, hair_color, nationality) values (126, '228-57-6026', 'Zacharias Biagini', 'Male', '7/4/1954', 198, 'Bald', 'China');
insert into passports (id, ssn, name, gender, DOB, height, hair_color, nationality) values (127, '518-15-8206', 'Carlyn Roderham', 'Female', '4/16/1964', 157, 'Brown', 'Greece');
insert into passports (id, ssn, name, gender, DOB, height, hair_color, nationality) values (128, '155-84-2599', 'Ellynn Verey', 'Female', '7/6/1974', 196, 'Red', 'Greece');
insert into passports (id, ssn, name, gender, DOB, height, hair_color, nationality) values (129, '741-05-6118', 'Wenona Madle', 'Female', '5/9/1995', 180, 'Blonde', 'Sweden');
insert into passports (id, ssn, name, gender, DOB, height, hair_color, nationality) values (130, '726-48-3570', 'Ly Rubel', 'Male', '10/8/1988', 158, 'Black', 'China');
insert into passports (id, ssn, name, gender, DOB, height, hair_color, nationality) values (131, '610-16-5017', 'Farica Thandi', 'Female', '3/27/1990', 161, 'Brown', 'China');
insert into passports (id, ssn, name, gender, DOB, height, hair_color, nationality) values (132, '311-67-0142', 'Loydie Gilby', 'Male', '2/11/1985', 193, 'Black', 'Poland');
insert into passports (id, ssn, name, gender, DOB, height, hair_color, nationality) values (133, '171-05-7660', 'Wit Collyer', 'Female', '10/29/1958', 150, 'Brown', 'China');
insert into passports (id, ssn, name, gender, DOB, height, hair_color, nationality) values (134, '701-19-0816', 'Ximenes Corfield', 'Male', '12/16/1979', 179, 'Black', 'Canada');
insert into passports (id, ssn, name, gender, DOB, height, hair_color, nationality) values (135, '759-67-0515', 'Gill Hallifax', 'Female', '7/16/1957', 171, 'Bald', 'Philippines');
insert into passports (id, ssn, name, gender, DOB, height, hair_color, nationality) values (136, '869-84-7226', 'Mari Teaze', 'Male', '5/16/1957', 173, 'Blonde', 'Ukraine');
insert into passports (id, ssn, name, gender, DOB, height, hair_color, nationality) values (137, '348-67-1935', 'Avie Gruczka', 'Female', '11/10/1965', 186, 'Blonde', 'China');
insert into passports (id, ssn, name, gender, DOB, height, hair_color, nationality) values (138, '529-20-0326', 'Jorry Bettanay', 'Male', '10/7/1993', 154, 'Red', 'China');
insert into passports (id, ssn, name, gender, DOB, height, hair_color, nationality) values (139, '306-35-6824', 'Sasha Haugen', 'Male', '11/21/1961', 188, 'Bald', 'China');
insert into passports (id, ssn, name, gender, DOB, height, hair_color, nationality) values (140, '664-22-4689', 'Foss Fishly', 'Male', '12/29/1969', 160, 'Red', 'Russia');
insert into passports (id, ssn, name, gender, DOB, height, hair_color, nationality) values (141, '170-55-3368', 'Frank Dearl', 'Female', '3/27/1960', 185, 'Black', 'Argentina');
insert into passports (id, ssn, name, gender, DOB, height, hair_color, nationality) values (142, '770-07-2793', 'Celesta Hagger', 'Male', '10/5/1972', 180, 'Black', 'Ireland');
insert into passports (id, ssn, name, gender, DOB, height, hair_color, nationality) values (143, '267-96-9124', 'Cindi Bicksteth', 'Male', '12/12/1950', 183, 'Red', 'Ecuador');
insert into passports (id, ssn, name, gender, DOB, height, hair_color, nationality) values (144, '183-49-9391', 'Leland Norcross', 'Female', '6/3/1971', 161, 'Red', 'Russia');
insert into passports (id, ssn, name, gender, DOB, height, hair_color, nationality) values (145, '543-82-5655', 'Ruthe Paladini', 'Female', '8/26/1965', 175, 'Bald', 'France');
insert into passports (id, ssn, name, gender, DOB, height, hair_color, nationality) values (146, '581-53-5134', 'Cyril Burhouse', 'Male', '2/10/1951', 196, 'Black', 'France');
insert into passports (id, ssn, name, gender, DOB, height, hair_color, nationality) values (147, '626-73-1206', 'Isabelita Acton', 'Male', '5/9/1963', 183, 'Red', 'Czech Republic');
insert into passports (id, ssn, name, gender, DOB, height, hair_color, nationality) values (148, '774-83-1142', 'Modestine Vasin', 'Male', '9/29/1987', 193, 'Blonde', 'Pakistan');
insert into passports (id, ssn, name, gender, DOB, height, hair_color, nationality) values (149, '308-13-7916', 'Janaye Collick', 'Male', '6/4/1972', 186, 'Blonde', 'China');
insert into passports (id, ssn, name, gender, DOB, height, hair_color, nationality) values (150, '548-14-2565', 'Bret Saiens', 'Male', '4/16/1960', 178, 'Bald', 'China');
insert into passports (id, ssn, name, gender, DOB, height, hair_color, nationality) values (151, '737-68-0333', 'Rollo Mac Giolla Pheadair', 'Female', '11/8/1978', 160, 'Bald', 'Ethiopia');
insert into passports (id, ssn, name, gender, DOB, height, hair_color, nationality) values (152, '401-88-9871', 'Caralie Beddie', 'Male', '9/25/1984', 167, 'Blonde', 'Croatia');
insert into passports (id, ssn, name, gender, DOB, height, hair_color, nationality) values (153, '470-25-8810', 'Viole Bellon', 'Male', '2/16/1987', 150, 'Red', 'Thailand');
insert into passports (id, ssn, name, gender, DOB, height, hair_color, nationality) values (154, '132-48-4517', 'Lenci Yitshak', 'Female', '10/10/1995', 184, 'Red', 'Philippines');
insert into passports (id, ssn, name, gender, DOB, height, hair_color, nationality) values (155, '500-51-4719', 'Bobbette Boyer', 'Female', '2/27/1958', 170, 'Black', 'Indonesia');
insert into passports (id, ssn, name, gender, DOB, height, hair_color, nationality) values (156, '183-63-4743', 'Darline Heams', 'Female', '9/17/1971', 182, 'Brown', 'Indonesia');
insert into passports (id, ssn, name, gender, DOB, height, hair_color, nationality) values (157, '432-63-3880', 'Sawyer Fey', 'Female', '10/13/1983', 164, 'Bald', 'Uzbekistan');
insert into passports (id, ssn, name, gender, DOB, height, hair_color, nationality) values (158, '408-86-1697', 'Franciskus Greatbatch', 'Female', '2/9/1978', 154, 'Red', 'China');
insert into passports (id, ssn, name, gender, DOB, height, hair_color, nationality) values (159, '209-12-5027', 'Gates Swarbrigg', 'Male', '11/12/1991', 195, 'Bald', 'Albania');
insert into passports (id, ssn, name, gender, DOB, height, hair_color, nationality) values (160, '818-60-2466', 'Giacopo Kneeshaw', 'Female', '10/12/1993', 159, 'Black', 'South Korea');
insert into passports (id, ssn, name, gender, DOB, height, hair_color, nationality) values (161, '276-20-0215', 'Rheta Lidgley', 'Male', '1/24/1960', 158, 'Blonde', 'Ecuador');
insert into passports (id, ssn, name, gender, DOB, height, hair_color, nationality) values (162, '548-16-2437', 'Eberhard Horrod', 'Male', '2/15/1971', 199, 'Bald', 'Poland');
insert into passports (id, ssn, name, gender, DOB, height, hair_color, nationality) values (163, '504-25-7308', 'Maggi Pearcehouse', 'Female', '6/15/1969', 183, 'Blonde', 'Honduras');
insert into passports (id, ssn, name, gender, DOB, height, hair_color, nationality) values (164, '404-72-7658', 'Nolie Swinley', 'Male', '9/14/1983', 188, 'Bald', 'Lithuania');
insert into passports (id, ssn, name, gender, DOB, height, hair_color, nationality) values (165, '363-62-3871', 'Althea Antonutti', 'Male', '2/6/1991', 190, 'Red', 'Indonesia');
insert into passports (id, ssn, name, gender, DOB, height, hair_color, nationality) values (166, '389-30-8242', 'Lelia Gather', 'Female', '9/11/1955', 195, 'Brown', 'China');
insert into passports (id, ssn, name, gender, DOB, height, hair_color, nationality) values (167, '288-07-9338', 'Hewe Osbourn', 'Female', '11/18/1981', 171, 'Red', 'China');
insert into passports (id, ssn, name, gender, DOB, height, hair_color, nationality) values (168, '192-24-7307', 'Zaccaria Cashen', 'Male', '1/18/1981', 151, 'Brown', 'China');
insert into passports (id, ssn, name, gender, DOB, height, hair_color, nationality) values (169, '693-39-5902', 'Louisette Aberhart', 'Male', '6/10/1956', 159, 'Brown', 'China');
insert into passports (id, ssn, name, gender, DOB, height, hair_color, nationality) values (170, '211-92-9320', 'Rafferty Coaster', 'Male', '3/23/1983', 197, 'Bald', 'Argentina');
insert into passports (id, ssn, name, gender, DOB, height, hair_color, nationality) values (171, '282-78-2912', 'Padraic Sherry', 'Female', '5/17/1957', 186, 'Red', 'Portugal');
insert into passports (id, ssn, name, gender, DOB, height, hair_color, nationality) values (172, '544-40-0555', 'Raimund Camerati', 'Female', '6/12/1951', 194, 'Bald', 'Sweden');
insert into passports (id, ssn, name, gender, DOB, height, hair_color, nationality) values (173, '891-19-1252', 'Washington Crisford', 'Male', '1/15/1982', 157, 'Bald', 'Sweden');
insert into passports (id, ssn, name, gender, DOB, height, hair_color, nationality) values (174, '204-23-6592', 'Anett Zettler', 'Female', '8/5/1974', 176, 'Blonde', 'Poland');
insert into passports (id, ssn, name, gender, DOB, height, hair_color, nationality) values (175, '780-68-7129', 'Bette Bennoe', 'Female', '4/17/1984', 189, 'Red', 'Syria');
insert into passports (id, ssn, name, gender, DOB, height, hair_color, nationality) values (176, '633-41-3461', 'Dare Roony', 'Male', '10/27/1988', 172, 'Red', 'China');
insert into passports (id, ssn, name, gender, DOB, height, hair_color, nationality) values (177, '729-89-0582', 'Dickie Eusden', 'Male', '3/13/1968', 181, 'Blonde', 'Thailand');
insert into passports (id, ssn, name, gender, DOB, height, hair_color, nationality) values (178, '180-34-4656', 'Dixie Cottesford', 'Female', '3/31/1992', 185, 'Black', 'Japan');
insert into passports (id, ssn, name, gender, DOB, height, hair_color, nationality) values (179, '423-44-7307', 'Ranee Quinevan', 'Female', '1/6/1979', 188, 'Red', 'Canada');
insert into passports (id, ssn, name, gender, DOB, height, hair_color, nationality) values (180, '646-40-2014', 'Mattie Biaggioni', 'Female', '6/19/1956', 176, 'Bald', 'China');
insert into passports (id, ssn, name, gender, DOB, height, hair_color, nationality) values (181, '876-36-6071', 'Flore Comellini', 'Female', '3/8/1973', 164, 'Black', 'China');
insert into passports (id, ssn, name, gender, DOB, height, hair_color, nationality) values (182, '416-59-0520', 'Valry Maciaszek', 'Female', '9/6/1982', 195, 'Red', 'Saudi Arabia');
insert into passports (id, ssn, name, gender, DOB, height, hair_color, nationality) values (183, '778-88-1623', 'Nerta Glencross', 'Male', '4/18/1970', 185, 'Black', 'Sweden');
insert into passports (id, ssn, name, gender, DOB, height, hair_color, nationality) values (184, '684-52-8463', 'Raddy Carus', 'Female', '4/22/1987', 171, 'Brown', 'Ukraine');
insert into passports (id, ssn, name, gender, DOB, height, hair_color, nationality) values (185, '441-99-6871', 'Konstance Peniman', 'Female', '5/28/1964', 156, 'Red', 'China');
insert into passports (id, ssn, name, gender, DOB, height, hair_color, nationality) values (186, '428-03-6096', 'Silvio McBride', 'Female', '12/22/1990', 178, 'Black', 'Ukraine');
insert into passports (id, ssn, name, gender, DOB, height, hair_color, nationality) values (187, '204-40-1100', 'Horten Buzine', 'Male', '2/23/1957', 162, 'Blonde', 'Czech Republic');
insert into passports (id, ssn, name, gender, DOB, height, hair_color, nationality) values (188, '437-84-4356', 'Gil Chisolm', 'Female', '6/18/1965', 157, 'Bald', 'Finland');
insert into passports (id, ssn, name, gender, DOB, height, hair_color, nationality) values (189, '277-49-5363', 'Vergil Poller', 'Female', '8/15/1994', 150, 'Blonde', 'China');
insert into passports (id, ssn, name, gender, DOB, height, hair_color, nationality) values (190, '547-09-7090', 'Tull Burdon', 'Male', '2/11/1985', 171, 'Black', 'China');
insert into passports (id, ssn, name, gender, DOB, height, hair_color, nationality) values (191, '713-38-4461', 'Elna Mowatt', 'Female', '9/3/1952', 167, 'Black', 'Denmark');
insert into passports (id, ssn, name, gender, DOB, height, hair_color, nationality) values (192, '566-01-5458', 'Ezekiel Wenn', 'Female', '2/18/1994', 164, 'Bald', 'China');
insert into passports (id, ssn, name, gender, DOB, height, hair_color, nationality) values (193, '700-51-9018', 'Kennie Hapgood', 'Male', '9/7/1956', 169, 'Brown', 'Thailand');
insert into passports (id, ssn, name, gender, DOB, height, hair_color, nationality) values (194, '894-45-7061', 'Rosemaria Bellelli', 'Male', '2/13/1971', 151, 'Red', 'United States');
insert into passports (id, ssn, name, gender, DOB, height, hair_color, nationality) values (195, '600-21-9012', 'Alisander Renton', 'Female', '2/13/1979', 163, 'Brown', 'Chile');
insert into passports (id, ssn, name, gender, DOB, height, hair_color, nationality) values (196, '563-46-5519', 'Livia Ancketill', 'Male', '9/25/1972', 196, 'Red', 'Ukraine');
insert into passports (id, ssn, name, gender, DOB, height, hair_color, nationality) values (197, '539-69-8223', 'Celisse Kenworthey', 'Male', '11/23/1970', 197, 'Brown', 'Portugal');
insert into passports (id, ssn, name, gender, DOB, height, hair_color, nationality) values (198, '650-31-1730', 'Adelaide O'' Borne', 'Female', '2/13/1958', 178, 'Red', 'Lithuania');
insert into passports (id, ssn, name, gender, DOB, height, hair_color, nationality) values (199, '490-36-9914', 'Jacques Hadkins', 'Male', '2/1/1958', 200, 'Bald', 'Indonesia');
insert into passports (id, ssn, name, gender, DOB, height, hair_color, nationality) values (200, '558-54-0549', 'Elsinore Tresise', 'Female', '8/30/1975', 198, 'Red', 'Brazil');
insert into passports (id, ssn, name, gender, DOB, height, hair_color, nationality) values (201, '451-02-4955', 'Dallon Galpin', 'Female', '5/10/1981', 183, 'Black', 'Greece');
insert into passports (id, ssn, name, gender, DOB, height, hair_color, nationality) values (202, '428-14-8823', 'Brit Suggett', 'Male', '12/13/1980', 189, 'Bald', 'Malaysia');
insert into passports (id, ssn, name, gender, DOB, height, hair_color, nationality) values (203, '866-19-2661', 'Adolphe Bankhurst', 'Female', '8/14/1956', 176, 'Blonde', 'China');
insert into passports (id, ssn, name, gender, DOB, height, hair_color, nationality) values (204, '814-71-6746', 'Angy Luisetti', 'Male', '2/20/1992', 159, 'Blonde', 'Brazil');
insert into passports (id, ssn, name, gender, DOB, height, hair_color, nationality) values (205, '279-22-7866', 'Darla Rantoul', 'Male', '10/2/1964', 191, 'Brown', 'China');
insert into passports (id, ssn, name, gender, DOB, height, hair_color, nationality) values (206, '729-83-3444', 'Andrei Von Gladbach', 'Male', '3/18/1986', 200, 'Bald', 'Brazil');
insert into passports (id, ssn, name, gender, DOB, height, hair_color, nationality) values (207, '508-46-6262', 'Brigid Jager', 'Male', '2/28/1977', 153, 'Black', 'Sweden');
insert into passports (id, ssn, name, gender, DOB, height, hair_color, nationality) values (208, '241-99-3407', 'Sayre Penvarden', 'Male', '1/9/1979', 198, 'Red', 'China');
insert into passports (id, ssn, name, gender, DOB, height, hair_color, nationality) values (209, '763-83-2638', 'Hedy Sprague', 'Male', '4/27/1954', 171, 'Black', 'Philippines');
insert into passports (id, ssn, name, gender, DOB, height, hair_color, nationality) values (210, '867-48-6516', 'Angelina Scranney', 'Female', '12/16/1954', 177, 'Black', 'Ireland');
insert into passports (id, ssn, name, gender, DOB, height, hair_color, nationality) values (211, '745-62-7583', 'Ricky Livett', 'Male', '8/11/1953', 192, 'Black', 'Portugal');
insert into passports (id, ssn, name, gender, DOB, height, hair_color, nationality) values (212, '414-04-9735', 'Harald Endricci', 'Male', '7/2/1981', 169, 'Red', 'China');
insert into passports (id, ssn, name, gender, DOB, height, hair_color, nationality) values (213, '715-62-3145', 'Malva Jennens', 'Female', '5/14/1991', 191, 'Bald', 'Nigeria');
insert into passports (id, ssn, name, gender, DOB, height, hair_color, nationality) values (214, '668-09-4513', 'Ruth Cubbin', 'Female', '4/26/1972', 177, 'Red', 'Sweden');
insert into passports (id, ssn, name, gender, DOB, height, hair_color, nationality) values (215, '195-20-0016', 'Milzie Wooderson', 'Male', '6/7/1977', 153, 'Blonde', 'China');
insert into passports (id, ssn, name, gender, DOB, height, hair_color, nationality) values (216, '204-91-3454', 'Jobyna Derrington', 'Male', '5/26/1954', 193, 'Brown', 'Peru');
insert into passports (id, ssn, name, gender, DOB, height, hair_color, nationality) values (217, '126-23-7610', 'Darnall Doogue', 'Female', '1/10/1990', 177, 'Red', 'Peru');
insert into passports (id, ssn, name, gender, DOB, height, hair_color, nationality) values (218, '872-94-2746', 'Junette Jereatt', 'Male', '7/28/1972', 179, 'Brown', 'China');
insert into passports (id, ssn, name, gender, DOB, height, hair_color, nationality) values (219, '330-03-1352', 'Rudd Goundrill', 'Male', '7/8/1963', 154, 'Blonde', 'Sweden');
insert into passports (id, ssn, name, gender, DOB, height, hair_color, nationality) values (220, '831-03-2883', 'Liuka McRory', 'Male', '3/15/1964', 156, 'Black', 'Indonesia');
insert into passports (id, ssn, name, gender, DOB, height, hair_color, nationality) values (221, '422-44-7851', 'Genevieve Folliss', 'Male', '10/28/1992', 164, 'Bald', 'Indonesia');
insert into passports (id, ssn, name, gender, DOB, height, hair_color, nationality) values (222, '771-92-3236', 'Tobe McGilleghole', 'Male', '12/15/1958', 157, 'Bald', 'Brazil');
insert into passports (id, ssn, name, gender, DOB, height, hair_color, nationality) values (223, '543-88-8065', 'Tamara Whittaker', 'Male', '12/24/1951', 191, 'Blonde', 'China');
insert into passports (id, ssn, name, gender, DOB, height, hair_color, nationality) values (224, '122-99-0353', 'Connie Ambrogioni', 'Female', '11/14/1953', 183, 'Brown', 'Portugal');
insert into passports (id, ssn, name, gender, DOB, height, hair_color, nationality) values (225, '192-69-9627', 'Steffi Lakeland', 'Male', '1/13/1966', 177, 'Black', 'China');
insert into passports (id, ssn, name, gender, DOB, height, hair_color, nationality) values (226, '568-48-5159', 'Nichole Kesten', 'Male', '4/15/1984', 198, 'Red', 'Philippines');
insert into passports (id, ssn, name, gender, DOB, height, hair_color, nationality) values (227, '821-92-5700', 'Steffen Holburn', 'Female', '7/1/1978', 175, 'Red', 'New Zealand');
insert into passports (id, ssn, name, gender, DOB, height, hair_color, nationality) values (228, '624-51-9373', 'Vinita Lightewood', 'Male', '8/31/1955', 189, 'Red', 'China');
insert into passports (id, ssn, name, gender, DOB, height, hair_color, nationality) values (229, '523-05-8602', 'Anabelle Boeter', 'Female', '2/11/1976', 155, 'Bald', 'Indonesia');
insert into passports (id, ssn, name, gender, DOB, height, hair_color, nationality) values (230, '420-10-3953', 'Trey Harbisher', 'Male', '4/25/1962', 172, 'Black', 'Russia');
insert into passports (id, ssn, name, gender, DOB, height, hair_color, nationality) values (231, '502-25-9734', 'Kara Crippell', 'Female', '8/1/1977', 159, 'Bald', 'Brazil');
insert into passports (id, ssn, name, gender, DOB, height, hair_color, nationality) values (232, '452-57-5710', 'Petronille Colston', 'Female', '7/13/1962', 160, 'Bald', 'Poland');
insert into passports (id, ssn, name, gender, DOB, height, hair_color, nationality) values (233, '522-21-3887', 'Merridie Rikkard', 'Male', '1/26/1993', 169, 'Red', 'Slovenia');
insert into passports (id, ssn, name, gender, DOB, height, hair_color, nationality) values (234, '561-99-3485', 'Britteny Gregor', 'Male', '10/17/1970', 181, 'Brown', 'United States');
insert into passports (id, ssn, name, gender, DOB, height, hair_color, nationality) values (235, '829-89-9677', 'Minne Pilbeam', 'Male', '10/20/1974', 179, 'Bald', 'Mexico');
insert into passports (id, ssn, name, gender, DOB, height, hair_color, nationality) values (236, '611-47-9662', 'Padriac Alpe', 'Male', '3/4/1985', 156, 'Black', 'Peru');
insert into passports (id, ssn, name, gender, DOB, height, hair_color, nationality) values (237, '200-85-8578', 'Lilia Turone', 'Female', '1/12/1978', 199, 'Bald', 'China');
insert into passports (id, ssn, name, gender, DOB, height, hair_color, nationality) values (238, '490-46-4254', 'Barb Camden', 'Female', '6/29/1978', 164, 'Red', 'Russia');
insert into passports (id, ssn, name, gender, DOB, height, hair_color, nationality) values (239, '505-03-4164', 'Lulita Checchetelli', 'Male', '9/25/1958', 175, 'Black', 'Indonesia');
insert into passports (id, ssn, name, gender, DOB, height, hair_color, nationality) values (240, '688-71-8307', 'Geordie Huson', 'Male', '10/1/1972', 164, 'Bald', 'Philippines');
insert into passports (id, ssn, name, gender, DOB, height, hair_color, nationality) values (241, '774-72-4503', 'Leigha Hinckley', 'Male', '12/6/1971', 195, 'Bald', 'Russia');
insert into passports (id, ssn, name, gender, DOB, height, hair_color, nationality) values (242, '136-30-2042', 'Alisa Newbold', 'Female', '9/22/1967', 173, 'Bald', 'Nigeria');
insert into passports (id, ssn, name, gender, DOB, height, hair_color, nationality) values (243, '680-20-0725', 'Kyle De Ferrari', 'Female', '9/13/1990', 168, 'Blonde', 'Madagascar');
insert into passports (id, ssn, name, gender, DOB, height, hair_color, nationality) values (244, '668-11-9081', 'Jewell Barrabeale', 'Male', '7/4/1962', 152, 'Black', 'Mexico');
insert into passports (id, ssn, name, gender, DOB, height, hair_color, nationality) values (245, '675-82-4315', 'Tulley Abrahmovici', 'Male', '7/5/1955', 188, 'Blonde', 'Indonesia');
insert into passports (id, ssn, name, gender, DOB, height, hair_color, nationality) values (246, '359-32-2743', 'Yank Hobden', 'Male', '7/18/1989', 179, 'Black', 'Gambia');
insert into passports (id, ssn, name, gender, DOB, height, hair_color, nationality) values (247, '699-92-5545', 'Joleen Rasch', 'Male', '7/10/1951', 199, 'Red', 'Brazil');
insert into passports (id, ssn, name, gender, DOB, height, hair_color, nationality) values (248, '856-89-9560', 'Brandea Malkinson', 'Male', '1/26/1970', 194, 'Brown', 'Mexico');
insert into passports (id, ssn, name, gender, DOB, height, hair_color, nationality) values (249, '877-44-1636', 'Eugenie Wille', 'Male', '5/11/1955', 155, 'Black', 'China');
insert into passports (id, ssn, name, gender, DOB, height, hair_color, nationality) values (250, '139-24-3411', 'Ricca Tevelov', 'Female', '1/3/1975', 200, 'Blonde', 'Kyrgyzstan');
insert into passports (id, ssn, name, gender, DOB, height, hair_color, nationality) values (251, '675-99-9452', 'Griffin Bleby', 'Male', '9/23/1982', 169, 'Black', 'Portugal');
insert into passports (id, ssn, name, gender, DOB, height, hair_color, nationality) values (252, '816-55-3638', 'Corrie Grimditch', 'Male', '9/16/1993', 180, 'Bald', 'China');
insert into passports (id, ssn, name, gender, DOB, height, hair_color, nationality) values (253, '138-76-5192', 'Jacquelyn Goldson', 'Male', '1/11/1951', 155, 'Red', 'China');
insert into passports (id, ssn, name, gender, DOB, height, hair_color, nationality) values (254, '606-31-6277', 'Anthony Urlich', 'Female', '4/9/1979', 168, 'Blonde', 'China');
insert into passports (id, ssn, name, gender, DOB, height, hair_color, nationality) values (255, '835-41-0705', 'Danna Valasek', 'Male', '12/25/1982', 170, 'Bald', 'United States');
insert into passports (id, ssn, name, gender, DOB, height, hair_color, nationality) values (256, '810-62-4517', 'Milzie Deem', 'Female', '5/3/1980', 191, 'Bald', 'Russia');
insert into passports (id, ssn, name, gender, DOB, height, hair_color, nationality) values (257, '737-18-1017', 'Rodger Bartram', 'Male', '11/17/1978', 159, 'Blonde', 'China');
insert into passports (id, ssn, name, gender, DOB, height, hair_color, nationality) values (258, '634-29-8256', 'Vonnie Kapiloff', 'Male', '1/23/1961', 158, 'Black', 'China');
insert into passports (id, ssn, name, gender, DOB, height, hair_color, nationality) values (259, '770-85-8448', 'Wye Kornes', 'Female', '6/17/1994', 159, 'Red', 'Czech Republic');
insert into passports (id, ssn, name, gender, DOB, height, hair_color, nationality) values (260, '289-46-8466', 'Hyacinth Pargeter', 'Male', '11/9/1960', 195, 'Blonde', 'Cyprus');
insert into passports (id, ssn, name, gender, DOB, height, hair_color, nationality) values (261, '786-80-8006', 'Dillon Harwin', 'Male', '6/8/1955', 150, 'Brown', 'Armenia');
insert into passports (id, ssn, name, gender, DOB, height, hair_color, nationality) values (262, '151-47-5670', 'Thekla Fauning', 'Male', '5/10/1964', 197, 'Bald', 'China');
insert into passports (id, ssn, name, gender, DOB, height, hair_color, nationality) values (263, '848-65-9088', 'Nicoline Giannotti', 'Female', '3/11/1976', 194, 'Black', 'China');
insert into passports (id, ssn, name, gender, DOB, height, hair_color, nationality) values (264, '551-61-4347', 'Lucio Ewbanche', 'Female', '4/12/1967', 182, 'Brown', 'Philippines');
insert into passports (id, ssn, name, gender, DOB, height, hair_color, nationality) values (265, '868-30-6658', 'Boyd Genn', 'Male', '6/9/1968', 185, 'Bald', 'China');
insert into passports (id, ssn, name, gender, DOB, height, hair_color, nationality) values (266, '245-29-9789', 'Jami Pamphilon', 'Male', '11/28/1961', 171, 'Red', 'Brazil');
insert into passports (id, ssn, name, gender, DOB, height, hair_color, nationality) values (267, '676-30-7192', 'Melvin Pickton', 'Male', '7/1/1975', 198, 'Bald', 'Peru');
insert into passports (id, ssn, name, gender, DOB, height, hair_color, nationality) values (268, '545-08-0523', 'Olimpia Jiggle', 'Female', '7/20/1989', 181, 'Blonde', 'Russia');
insert into passports (id, ssn, name, gender, DOB, height, hair_color, nationality) values (269, '529-76-5157', 'Tiff Lippiello', 'Female', '6/19/1973', 151, 'Bald', 'China');
insert into passports (id, ssn, name, gender, DOB, height, hair_color, nationality) values (270, '335-85-8360', 'Corri Slowgrave', 'Female', '2/2/1988', 182, 'Blonde', 'Palestinian Territory');
insert into passports (id, ssn, name, gender, DOB, height, hair_color, nationality) values (271, '851-59-0894', 'Juan Mays', 'Male', '2/15/1994', 183, 'Brown', 'Portugal');
insert into passports (id, ssn, name, gender, DOB, height, hair_color, nationality) values (272, '161-72-9953', 'Kiley Schuricke', 'Male', '6/18/1952', 188, 'Blonde', 'Ecuador');
insert into passports (id, ssn, name, gender, DOB, height, hair_color, nationality) values (273, '535-64-8981', 'Krissy Churches', 'Female', '9/3/1982', 180, 'Black', 'Indonesia');
insert into passports (id, ssn, name, gender, DOB, height, hair_color, nationality) values (274, '857-79-7237', 'Flemming Le Blanc', 'Female', '12/24/1960', 163, 'Red', 'Croatia');
insert into passports (id, ssn, name, gender, DOB, height, hair_color, nationality) values (275, '874-73-9747', 'Valene Armin', 'Male', '10/14/1972', 173, 'Blonde', 'Indonesia');
insert into passports (id, ssn, name, gender, DOB, height, hair_color, nationality) values (276, '455-21-3250', 'Brien Hookes', 'Female', '2/22/1966', 167, 'Bald', 'Liechtenstein');
insert into passports (id, ssn, name, gender, DOB, height, hair_color, nationality) values (277, '858-74-3160', 'Queenie Labone', 'Male', '2/19/1965', 180, 'Bald', 'China');
insert into passports (id, ssn, name, gender, DOB, height, hair_color, nationality) values (278, '533-99-3994', 'Fanchon Blench', 'Female', '1/15/1971', 190, 'Blonde', 'Philippines');
insert into passports (id, ssn, name, gender, DOB, height, hair_color, nationality) values (279, '599-91-7637', 'Kara Elman', 'Female', '6/16/1968', 162, 'Red', 'Tajikistan');
insert into passports (id, ssn, name, gender, DOB, height, hair_color, nationality) values (280, '523-86-1175', 'Elisabetta Wabersinke', 'Male', '10/6/1977', 191, 'Brown', 'China');
insert into passports (id, ssn, name, gender, DOB, height, hair_color, nationality) values (281, '531-19-7591', 'Laraine Bickley', 'Female', '9/22/1964', 150, 'Black', 'Spain');
insert into passports (id, ssn, name, gender, DOB, height, hair_color, nationality) values (282, '224-61-6669', 'Jayne Boylan', 'Male', '2/1/1958', 188, 'Blonde', 'China');
insert into passports (id, ssn, name, gender, DOB, height, hair_color, nationality) values (283, '441-93-5966', 'Tarra Pattie', 'Male', '2/26/1995', 192, 'Black', 'China');
insert into passports (id, ssn, name, gender, DOB, height, hair_color, nationality) values (284, '691-41-2721', 'Starr Manclark', 'Male', '3/17/1972', 176, 'Blonde', 'Indonesia');
insert into passports (id, ssn, name, gender, DOB, height, hair_color, nationality) values (285, '872-84-0375', 'Leonore O''Cannovane', 'Female', '7/25/1973', 165, 'Blonde', 'Serbia');
insert into passports (id, ssn, name, gender, DOB, height, hair_color, nationality) values (286, '481-22-5076', 'Livia Yetton', 'Male', '3/17/1960', 194, 'Brown', 'Pakistan');
insert into passports (id, ssn, name, gender, DOB, height, hair_color, nationality) values (287, '187-12-2084', 'Terrance Faust', 'Female', '9/24/1957', 158, 'Red', 'Sweden');
insert into passports (id, ssn, name, gender, DOB, height, hair_color, nationality) values (288, '158-18-3602', 'Kellby Piletic', 'Male', '1/13/1973', 172, 'Black', 'Israel');
insert into passports (id, ssn, name, gender, DOB, height, hair_color, nationality) values (289, '527-67-8350', 'Francisca Corstorphine', 'Female', '12/4/1958', 154, 'Red', 'Finland');
insert into passports (id, ssn, name, gender, DOB, height, hair_color, nationality) values (290, '683-30-2308', 'Judas Gorrie', 'Female', '10/20/1990', 160, 'Red', 'China');
insert into passports (id, ssn, name, gender, DOB, height, hair_color, nationality) values (291, '343-01-3345', 'Brenna McGuinness', 'Male', '7/22/1967', 159, 'Black', 'Indonesia');
insert into passports (id, ssn, name, gender, DOB, height, hair_color, nationality) values (292, '320-35-4440', 'Gabriele Leggan', 'Female', '7/22/1965', 181, 'Red', 'Japan');
insert into passports (id, ssn, name, gender, DOB, height, hair_color, nationality) values (293, '151-48-2872', 'Sully Haylock', 'Male', '11/23/1974', 182, 'Blonde', 'China');
insert into passports (id, ssn, name, gender, DOB, height, hair_color, nationality) values (294, '110-60-5389', 'Gaylor Mark', 'Female', '3/17/1970', 190, 'Black', 'Colombia');
insert into passports (id, ssn, name, gender, DOB, height, hair_color, nationality) values (295, '557-70-8718', 'Alethea Warsop', 'Female', '3/4/1953', 192, 'Red', 'Philippines');
insert into passports (id, ssn, name, gender, DOB, height, hair_color, nationality) values (296, '150-59-9285', 'Lita Abrahams', 'Female', '2/19/1982', 171, 'Brown', 'Central African Republic');
insert into passports (id, ssn, name, gender, DOB, height, hair_color, nationality) values (297, '570-69-7067', 'Welch Croshaw', 'Male', '1/26/1992', 173, 'Red', 'China');
insert into passports (id, ssn, name, gender, DOB, height, hair_color, nationality) values (298, '130-70-3086', 'Chev Schlagman', 'Female', '7/3/1984', 175, 'Brown', 'Ukraine');
insert into passports (id, ssn, name, gender, DOB, height, hair_color, nationality) values (299, '604-22-5943', 'Egbert Curryer', 'Male', '7/12/1962', 160, 'Brown', 'Somalia');
insert into passports (id, ssn, name, gender, DOB, height, hair_color, nationality) values (300, '604-27-7017', 'Gusti McAllester', 'Female', '9/14/1987', 169, 'Brown', 'Brazil');
insert into passports (id, ssn, name, gender, DOB, height, hair_color, nationality) values (301, '435-90-8415', 'Myca Hancell', 'Male', '9/18/1955', 198, 'Brown', 'Poland');
insert into passports (id, ssn, name, gender, DOB, height, hair_color, nationality) values (302, '816-86-5009', 'Clementina Stoggles', 'Male', '12/16/1993', 157, 'Bald', 'United States');
insert into passports (id, ssn, name, gender, DOB, height, hair_color, nationality) values (303, '514-57-3723', 'Rici Boothebie', 'Male', '4/18/1977', 177, 'Brown', 'Russia');
insert into passports (id, ssn, name, gender, DOB, height, hair_color, nationality) values (304, '667-45-4114', 'Ingeberg McFetridge', 'Female', '8/3/1979', 156, 'Red', 'Mongolia');
insert into passports (id, ssn, name, gender, DOB, height, hair_color, nationality) values (305, '718-29-3603', 'Cozmo Dishmon', 'Male', '11/8/1969', 191, 'Brown', 'Sweden');
insert into passports (id, ssn, name, gender, DOB, height, hair_color, nationality) values (306, '258-70-6606', 'Katine Martel', 'Male', '5/2/1976', 157, 'Red', 'China');
insert into passports (id, ssn, name, gender, DOB, height, hair_color, nationality) values (307, '600-92-3161', 'Colas Messum', 'Female', '3/25/1955', 171, 'Black', 'Indonesia');
insert into passports (id, ssn, name, gender, DOB, height, hair_color, nationality) values (308, '685-19-4531', 'Blake Vignaux', 'Male', '6/5/1962', 197, 'Bald', 'China');
insert into passports (id, ssn, name, gender, DOB, height, hair_color, nationality) values (309, '279-16-2599', 'Chrystel Cambridge', 'Female', '8/23/1981', 189, 'Brown', 'Vietnam');
insert into passports (id, ssn, name, gender, DOB, height, hair_color, nationality) values (310, '110-11-1177', 'Carmel Mawd', 'Female', '12/18/1975', 153, 'Red', 'Russia');
insert into passports (id, ssn, name, gender, DOB, height, hair_color, nationality) values (311, '895-21-2442', 'Florie Pethick', 'Female', '8/31/1974', 192, 'Red', 'France');
insert into passports (id, ssn, name, gender, DOB, height, hair_color, nationality) values (312, '524-80-9186', 'Neddie Irdale', 'Male', '9/12/1991', 157, 'Black', 'Slovenia');
insert into passports (id, ssn, name, gender, DOB, height, hair_color, nationality) values (313, '748-49-4424', 'Olympie Stickells', 'Female', '6/13/1951', 169, 'Brown', 'Sweden');
insert into passports (id, ssn, name, gender, DOB, height, hair_color, nationality) values (314, '187-31-5808', 'Lammond Thireau', 'Male', '4/26/1966', 150, 'Black', 'Indonesia');
insert into passports (id, ssn, name, gender, DOB, height, hair_color, nationality) values (315, '329-40-0137', 'Bryce Kinningley', 'Female', '9/15/1972', 186, 'Bald', 'Czech Republic');
insert into passports (id, ssn, name, gender, DOB, height, hair_color, nationality) values (316, '379-66-4667', 'Justin Clancey', 'Male', '3/6/1976', 160, 'Bald', 'China');
insert into passports (id, ssn, name, gender, DOB, height, hair_color, nationality) values (317, '873-43-4292', 'Sandie Doddemeede', 'Female', '1/4/1954', 198, 'Brown', 'Peru');
insert into passports (id, ssn, name, gender, DOB, height, hair_color, nationality) values (318, '546-16-7042', 'Tabby McKinstry', 'Female', '7/18/1987', 193, 'Blonde', 'United States');
insert into passports (id, ssn, name, gender, DOB, height, hair_color, nationality) values (319, '856-30-9613', 'Josi Sarll', 'Female', '8/8/1952', 180, 'Blonde', 'Russia');
insert into passports (id, ssn, name, gender, DOB, height, hair_color, nationality) values (320, '822-08-1454', 'Latia Knapper', 'Female', '3/25/1979', 175, 'Black', 'China');
insert into passports (id, ssn, name, gender, DOB, height, hair_color, nationality) values (321, '549-65-5567', 'Joanne Feather', 'Male', '4/7/1956', 189, 'Blonde', 'Russia');
insert into passports (id, ssn, name, gender, DOB, height, hair_color, nationality) values (322, '493-68-2012', 'Maisie Rosenfeld', 'Female', '4/5/1966', 188, 'Brown', 'Peru');
insert into passports (id, ssn, name, gender, DOB, height, hair_color, nationality) values (323, '342-26-0787', 'Miles Le Breton', 'Male', '1/23/1995', 175, 'Bald', 'South Korea');
insert into passports (id, ssn, name, gender, DOB, height, hair_color, nationality) values (324, '349-26-4339', 'Anastassia Du Pre', 'Male', '3/29/1995', 193, 'Bald', 'Malaysia');
insert into passports (id, ssn, name, gender, DOB, height, hair_color, nationality) values (325, '497-60-4837', 'Kathryne Fetteplace', 'Female', '7/19/1982', 186, 'Red', 'Reunion');
insert into passports (id, ssn, name, gender, DOB, height, hair_color, nationality) values (326, '859-01-3699', 'Angy Bernadzki', 'Female', '8/29/1986', 163, 'Blonde', 'Cuba');
insert into passports (id, ssn, name, gender, DOB, height, hair_color, nationality) values (327, '246-46-6524', 'Hewett Abramowitch', 'Male', '5/4/1990', 178, 'Black', 'United States');
insert into passports (id, ssn, name, gender, DOB, height, hair_color, nationality) values (328, '449-24-6287', 'Devonne Truscott', 'Female', '4/14/1975', 152, 'Bald', 'Madagascar');
insert into passports (id, ssn, name, gender, DOB, height, hair_color, nationality) values (329, '688-58-5692', 'Agnese Somerled', 'Male', '3/5/1967', 190, 'Blonde', 'United States');
insert into passports (id, ssn, name, gender, DOB, height, hair_color, nationality) values (330, '383-49-3848', 'Kiele Theml', 'Male', '12/11/1954', 176, 'Blonde', 'China');
insert into passports (id, ssn, name, gender, DOB, height, hair_color, nationality) values (331, '436-58-8012', 'Vale Bravington', 'Male', '3/16/1976', 156, 'Black', 'Russia');
insert into passports (id, ssn, name, gender, DOB, height, hair_color, nationality) values (332, '848-31-1557', 'Clem Heinish', 'Male', '5/2/1979', 179, 'Black', 'China');
insert into passports (id, ssn, name, gender, DOB, height, hair_color, nationality) values (333, '315-65-1163', 'Heath Trevains', 'Male', '3/26/1973', 164, 'Bald', 'South Sudan');
insert into passports (id, ssn, name, gender, DOB, height, hair_color, nationality) values (334, '650-08-2898', 'Carine Stenner', 'Male', '7/15/1981', 194, 'Red', 'Serbia');
insert into passports (id, ssn, name, gender, DOB, height, hair_color, nationality) values (335, '291-76-1232', 'Lauritz Johnstone', 'Male', '11/27/1958', 166, 'Bald', 'Argentina');
insert into passports (id, ssn, name, gender, DOB, height, hair_color, nationality) values (336, '778-17-5083', 'Zarla Josephi', 'Male', '7/24/1956', 188, 'Bald', 'Sweden');
insert into passports (id, ssn, name, gender, DOB, height, hair_color, nationality) values (337, '629-01-1772', 'Aguistin McCroary', 'Female', '6/7/1966', 183, 'Brown', 'Argentina');
insert into passports (id, ssn, name, gender, DOB, height, hair_color, nationality) values (338, '277-54-6992', 'Darbee Ahrendsen', 'Male', '1/29/1969', 178, 'Black', 'China');
insert into passports (id, ssn, name, gender, DOB, height, hair_color, nationality) values (339, '430-03-2379', 'Bert Qusklay', 'Female', '4/1/1975', 188, 'Red', 'Japan');
insert into passports (id, ssn, name, gender, DOB, height, hair_color, nationality) values (340, '773-26-5681', 'Jaymee Dillway', 'Female', '4/27/1965', 163, 'Blonde', 'Honduras');
insert into passports (id, ssn, name, gender, DOB, height, hair_color, nationality) values (341, '694-17-5101', 'Lanie Chisnell', 'Male', '12/2/1950', 197, 'Blonde', 'Brazil');
insert into passports (id, ssn, name, gender, DOB, height, hair_color, nationality) values (342, '179-97-3115', 'Shelby McLleese', 'Female', '2/9/1960', 162, 'Blonde', 'Greece');
insert into passports (id, ssn, name, gender, DOB, height, hair_color, nationality) values (343, '167-51-0358', 'Kin Winteringham', 'Female', '6/28/1986', 183, 'Red', 'China');
insert into passports (id, ssn, name, gender, DOB, height, hair_color, nationality) values (344, '616-55-0880', 'Agnola Maestro', 'Female', '6/16/1987', 181, 'Brown', 'France');
insert into passports (id, ssn, name, gender, DOB, height, hair_color, nationality) values (345, '232-14-5226', 'Liesa Conew', 'Male', '11/1/1956', 161, 'Black', 'Bolivia');
insert into passports (id, ssn, name, gender, DOB, height, hair_color, nationality) values (346, '346-33-6763', 'Huntley Pardew', 'Male', '10/30/1965', 191, 'Brown', 'United States');
insert into passports (id, ssn, name, gender, DOB, height, hair_color, nationality) values (347, '714-22-7131', 'Bidget Smickle', 'Female', '3/14/1979', 186, 'Black', 'China');
insert into passports (id, ssn, name, gender, DOB, height, hair_color, nationality) values (348, '561-05-9324', 'Warren Dursley', 'Female', '8/11/1952', 192, 'Brown', 'Portugal');
insert into passports (id, ssn, name, gender, DOB, height, hair_color, nationality) values (349, '830-28-9671', 'Leeann Raeside', 'Male', '9/8/1960', 178, 'Black', 'Indonesia');
insert into passports (id, ssn, name, gender, DOB, height, hair_color, nationality) values (350, '112-56-5802', 'Tiffi Moughtin', 'Male', '12/15/1967', 166, 'Red', 'Ukraine');
insert into passports (id, ssn, name, gender, DOB, height, hair_color, nationality) values (351, '254-59-8610', 'Edwin Maccari', 'Female', '2/14/1960', 195, 'Red', 'Philippines');
insert into passports (id, ssn, name, gender, DOB, height, hair_color, nationality) values (352, '457-98-7390', 'Rory Plevey', 'Female', '3/3/1966', 182, 'Black', 'Poland');
insert into passports (id, ssn, name, gender, DOB, height, hair_color, nationality) values (353, '192-21-5076', 'Mona Matthis', 'Male', '10/16/1959', 186, 'Blonde', 'Indonesia');
insert into passports (id, ssn, name, gender, DOB, height, hair_color, nationality) values (354, '656-28-0995', 'Wilburt Marchello', 'Male', '1/10/1954', 184, 'Black', 'Philippines');
insert into passports (id, ssn, name, gender, DOB, height, hair_color, nationality) values (355, '182-47-5241', 'Celia Stearn', 'Female', '4/9/1980', 178, 'Black', 'Thailand');
insert into passports (id, ssn, name, gender, DOB, height, hair_color, nationality) values (356, '133-87-6475', 'Idaline Grinley', 'Male', '9/13/1953', 180, 'Red', 'Ukraine');
insert into passports (id, ssn, name, gender, DOB, height, hair_color, nationality) values (357, '836-98-9125', 'Dulcy Tukesby', 'Male', '8/23/1984', 186, 'Black', 'Indonesia');
insert into passports (id, ssn, name, gender, DOB, height, hair_color, nationality) values (358, '606-40-0248', 'Richmound Toretta', 'Female', '7/23/1952', 150, 'Blonde', 'Indonesia');
insert into passports (id, ssn, name, gender, DOB, height, hair_color, nationality) values (359, '655-30-4943', 'Blondell Dawson', 'Male', '4/11/1964', 186, 'Blonde', 'Russia');
insert into passports (id, ssn, name, gender, DOB, height, hair_color, nationality) values (360, '842-24-5080', 'Elfreda Kyberd', 'Female', '1/14/1965', 160, 'Blonde', 'Netherlands');
insert into passports (id, ssn, name, gender, DOB, height, hair_color, nationality) values (361, '641-77-5765', 'Beverie Lissandri', 'Male', '5/1/1953', 185, 'Red', 'Finland');
insert into passports (id, ssn, name, gender, DOB, height, hair_color, nationality) values (362, '274-58-2251', 'Jimmie Chasmoor', 'Female', '10/5/1966', 194, 'Black', 'Nigeria');
insert into passports (id, ssn, name, gender, DOB, height, hair_color, nationality) values (363, '675-78-3822', 'Ronda Giraldo', 'Female', '10/11/1995', 163, 'Red', 'Panama');
insert into passports (id, ssn, name, gender, DOB, height, hair_color, nationality) values (364, '320-29-4086', 'Easter Pedri', 'Male', '7/29/1994', 180, 'Bald', 'China');
insert into passports (id, ssn, name, gender, DOB, height, hair_color, nationality) values (365, '888-57-7379', 'Luisa Morhall', 'Female', '12/6/1967', 192, 'Blonde', 'Portugal');
insert into passports (id, ssn, name, gender, DOB, height, hair_color, nationality) values (366, '408-77-0399', 'Max Cecere', 'Male', '9/10/1955', 156, 'Bald', 'Japan');
insert into passports (id, ssn, name, gender, DOB, height, hair_color, nationality) values (367, '461-27-8434', 'Carmencita Maymond', 'Male', '1/30/1974', 153, 'Blonde', 'Portugal');
insert into passports (id, ssn, name, gender, DOB, height, hair_color, nationality) values (368, '426-35-6145', 'Lacie Drissell', 'Female', '5/9/1990', 186, 'Red', 'China');
insert into passports (id, ssn, name, gender, DOB, height, hair_color, nationality) values (369, '136-99-7402', 'Rock Marden', 'Female', '5/21/1967', 156, 'Black', 'Greece');
insert into passports (id, ssn, name, gender, DOB, height, hair_color, nationality) values (370, '702-57-7493', 'Keelia Wynett', 'Male', '6/4/1988', 181, 'Blonde', 'Indonesia');
insert into passports (id, ssn, name, gender, DOB, height, hair_color, nationality) values (371, '455-29-1005', 'Myrwyn Cheltnam', 'Female', '7/15/1971', 189, 'Blonde', 'China');
insert into passports (id, ssn, name, gender, DOB, height, hair_color, nationality) values (372, '765-93-8894', 'Kinny Grenville', 'Male', '3/7/1981', 172, 'Blonde', 'Philippines');
insert into passports (id, ssn, name, gender, DOB, height, hair_color, nationality) values (373, '781-23-9146', 'Katheryn Attard', 'Female', '1/18/1980', 196, 'Bald', 'Macedonia');
insert into passports (id, ssn, name, gender, DOB, height, hair_color, nationality) values (374, '582-10-9169', 'Joan Rigglesford', 'Male', '10/3/1986', 152, 'Black', 'Portugal');
insert into passports (id, ssn, name, gender, DOB, height, hair_color, nationality) values (375, '510-04-7537', 'Charline Twittey', 'Male', '4/26/1993', 158, 'Bald', 'Russia');
insert into passports (id, ssn, name, gender, DOB, height, hair_color, nationality) values (376, '195-10-3240', 'Tildy Catcherside', 'Male', '3/28/1983', 173, 'Red', 'Indonesia');
insert into passports (id, ssn, name, gender, DOB, height, hair_color, nationality) values (377, '407-02-3333', 'Cristobal Oldall', 'Male', '9/6/1965', 186, 'Black', 'China');
insert into passports (id, ssn, name, gender, DOB, height, hair_color, nationality) values (378, '519-22-7543', 'Leeann De Bruyne', 'Female', '7/31/1994', 173, 'Red', 'Honduras');
insert into passports (id, ssn, name, gender, DOB, height, hair_color, nationality) values (379, '559-69-4709', 'Porty Happs', 'Male', '7/6/1959', 200, 'Blonde', 'Japan');
insert into passports (id, ssn, name, gender, DOB, height, hair_color, nationality) values (380, '860-62-8888', 'Gwenneth Brodway', 'Female', '3/18/1974', 158, 'Bald', 'China');
insert into passports (id, ssn, name, gender, DOB, height, hair_color, nationality) values (381, '430-10-8371', 'Francesca Eakly', 'Female', '7/3/1995', 184, 'Black', 'Indonesia');
insert into passports (id, ssn, name, gender, DOB, height, hair_color, nationality) values (382, '633-78-3135', 'Kelly Sandiford', 'Female', '6/9/1978', 176, 'Brown', 'Yemen');
insert into passports (id, ssn, name, gender, DOB, height, hair_color, nationality) values (383, '192-98-2222', 'Peggi Bennell', 'Male', '5/29/1952', 151, 'Bald', 'Vietnam');
insert into passports (id, ssn, name, gender, DOB, height, hair_color, nationality) values (384, '322-45-7957', 'Rozanna Le feaver', 'Male', '11/15/1970', 158, 'Bald', 'Iraq');
insert into passports (id, ssn, name, gender, DOB, height, hair_color, nationality) values (385, '718-90-0749', 'Arlyn Cahan', 'Female', '5/27/1986', 153, 'Brown', 'China');
insert into passports (id, ssn, name, gender, DOB, height, hair_color, nationality) values (386, '723-01-6423', 'Johannes Rotherforth', 'Female', '9/9/1986', 165, 'Black', 'China');
insert into passports (id, ssn, name, gender, DOB, height, hair_color, nationality) values (387, '331-26-2433', 'Austine Rowan', 'Male', '3/1/1951', 166, 'Brown', 'Czech Republic');
insert into passports (id, ssn, name, gender, DOB, height, hair_color, nationality) values (388, '285-05-5469', 'Nigel Mc Carrick', 'Male', '11/8/1969', 168, 'Blonde', 'Brazil');
insert into passports (id, ssn, name, gender, DOB, height, hair_color, nationality) values (389, '286-84-9826', 'Henriette MacMaykin', 'Female', '4/27/1984', 173, 'Red', 'Thailand');
insert into passports (id, ssn, name, gender, DOB, height, hair_color, nationality) values (390, '266-51-3145', 'Rem Kuhle', 'Male', '8/21/1959', 169, 'Blonde', 'Czech Republic');
insert into passports (id, ssn, name, gender, DOB, height, hair_color, nationality) values (391, '549-54-2981', 'Norina Rouzet', 'Female', '7/10/1988', 157, 'Bald', 'Finland');
insert into passports (id, ssn, name, gender, DOB, height, hair_color, nationality) values (392, '638-16-3099', 'Andy Stowe', 'Male', '7/1/1971', 175, 'Blonde', 'Portugal');
insert into passports (id, ssn, name, gender, DOB, height, hair_color, nationality) values (393, '116-41-4387', 'Anselma Hamman', 'Female', '9/27/1977', 155, 'Black', 'United States');
insert into passports (id, ssn, name, gender, DOB, height, hair_color, nationality) values (394, '462-64-3064', 'Rosene Rosenkrantz', 'Female', '8/21/1988', 150, 'Bald', 'Indonesia');
insert into passports (id, ssn, name, gender, DOB, height, hair_color, nationality) values (395, '606-62-6288', 'Angil Pulteneye', 'Female', '8/1/1963', 182, 'Red', 'Luxembourg');
insert into passports (id, ssn, name, gender, DOB, height, hair_color, nationality) values (396, '661-71-8486', 'Grissel Yakhin', 'Male', '11/27/1974', 194, 'Blonde', 'Dominican Republic');
insert into passports (id, ssn, name, gender, DOB, height, hair_color, nationality) values (397, '776-71-1771', 'Celestyn Antoni', 'Male', '9/26/1990', 153, 'Red', 'Syria');
insert into passports (id, ssn, name, gender, DOB, height, hair_color, nationality) values (398, '444-81-1672', 'Chaddie Braidon', 'Female', '9/20/1961', 196, 'Bald', 'Zimbabwe');
insert into passports (id, ssn, name, gender, DOB, height, hair_color, nationality) values (399, '607-68-9021', 'Emelina Mastrantone', 'Female', '6/23/1966', 159, 'Brown', 'Indonesia');
insert into passports (id, ssn, name, gender, DOB, height, hair_color, nationality) values (400, '506-69-7153', 'Roosevelt Delagnes', 'Male', '3/20/1962', 169, 'Black', 'Bhutan');
insert into passports (id, ssn, name, gender, DOB, height, hair_color, nationality) values (401, '445-95-0552', 'Simonette Suche', 'Male', '12/4/1958', 185, 'Blonde', 'Nigeria');
insert into passports (id, ssn, name, gender, DOB, height, hair_color, nationality) values (402, '261-91-3340', 'Krystalle Boagey', 'Male', '8/9/1952', 195, 'Black', 'China');
insert into passports (id, ssn, name, gender, DOB, height, hair_color, nationality) values (403, '505-16-8281', 'Marinna Byrcher', 'Female', '7/24/1954', 154, 'Blonde', 'China');
insert into passports (id, ssn, name, gender, DOB, height, hair_color, nationality) values (404, '239-85-9399', 'Jack Goldhawk', 'Male', '10/12/1957', 197, 'Red', 'China');
insert into passports (id, ssn, name, gender, DOB, height, hair_color, nationality) values (405, '801-85-5664', 'Alexine Pitcaithley', 'Female', '5/11/1972', 199, 'Red', 'Sweden');
insert into passports (id, ssn, name, gender, DOB, height, hair_color, nationality) values (406, '172-61-3983', 'Humfrid Harcourt', 'Female', '3/16/1987', 178, 'Red', 'China');
insert into passports (id, ssn, name, gender, DOB, height, hair_color, nationality) values (407, '709-68-2096', 'Cookie Escoffier', 'Female', '6/21/1956', 173, 'Brown', 'China');
insert into passports (id, ssn, name, gender, DOB, height, hair_color, nationality) values (408, '390-48-9619', 'Pierre Skelhorne', 'Male', '12/20/1978', 162, 'Red', 'Ireland');
insert into passports (id, ssn, name, gender, DOB, height, hair_color, nationality) values (409, '391-88-9236', 'Wanda Braden', 'Female', '11/10/1981', 153, 'Red', 'Belarus');
insert into passports (id, ssn, name, gender, DOB, height, hair_color, nationality) values (410, '410-99-6108', 'Sigmund Poskitt', 'Male', '7/22/1989', 183, 'Black', 'Indonesia');
insert into passports (id, ssn, name, gender, DOB, height, hair_color, nationality) values (411, '678-22-2340', 'Belle Balm', 'Female', '10/28/1970', 154, 'Red', 'Mexico');
insert into passports (id, ssn, name, gender, DOB, height, hair_color, nationality) values (412, '317-56-0798', 'Stanton Harty', 'Female', '3/13/1957', 181, 'Red', 'Indonesia');
insert into passports (id, ssn, name, gender, DOB, height, hair_color, nationality) values (413, '660-56-9751', 'Cordey Braznell', 'Male', '10/17/1995', 200, 'Red', 'Morocco');
insert into passports (id, ssn, name, gender, DOB, height, hair_color, nationality) values (414, '531-93-6914', 'Sigismondo Grundwater', 'Female', '12/8/1969', 162, 'Blonde', 'France');
insert into passports (id, ssn, name, gender, DOB, height, hair_color, nationality) values (415, '787-74-1452', 'Jeanie Braund', 'Male', '2/14/1964', 173, 'Bald', 'France');
insert into passports (id, ssn, name, gender, DOB, height, hair_color, nationality) values (416, '679-59-6475', 'Dulcea Commings', 'Female', '9/7/1968', 183, 'Blonde', 'China');
insert into passports (id, ssn, name, gender, DOB, height, hair_color, nationality) values (417, '751-83-7248', 'Deane Struijs', 'Female', '11/17/1980', 184, 'Red', 'Philippines');
insert into passports (id, ssn, name, gender, DOB, height, hair_color, nationality) values (418, '639-70-6782', 'Tiffanie Denisovich', 'Female', '6/12/1953', 194, 'Brown', 'Gambia');
insert into passports (id, ssn, name, gender, DOB, height, hair_color, nationality) values (419, '451-42-1167', 'Corbin Porcas', 'Female', '4/2/1990', 189, 'Bald', 'China');
insert into passports (id, ssn, name, gender, DOB, height, hair_color, nationality) values (420, '776-45-3941', 'Averyl Frango', 'Female', '1/1/1962', 166, 'Blonde', 'Cameroon');
insert into passports (id, ssn, name, gender, DOB, height, hair_color, nationality) values (421, '892-99-1632', 'Kali Chadwyck', 'Female', '2/25/1970', 190, 'Brown', 'Czech Republic');
insert into passports (id, ssn, name, gender, DOB, height, hair_color, nationality) values (422, '689-27-1682', 'Dale Kelberer', 'Female', '12/28/1990', 196, 'Black', 'China');
insert into passports (id, ssn, name, gender, DOB, height, hair_color, nationality) values (423, '243-92-0182', 'Roxanna Zucker', 'Female', '3/10/1991', 178, 'Blonde', 'Ivory Coast');
insert into passports (id, ssn, name, gender, DOB, height, hair_color, nationality) values (424, '202-05-6273', 'Tania Jobbins', 'Male', '4/19/1972', 194, 'Bald', 'Brazil');
insert into passports (id, ssn, name, gender, DOB, height, hair_color, nationality) values (425, '478-06-1943', 'Yovonnda Latliff', 'Male', '2/20/1978', 196, 'Bald', 'Ukraine');
insert into passports (id, ssn, name, gender, DOB, height, hair_color, nationality) values (426, '505-17-2767', 'Bryna Tumility', 'Female', '9/7/1963', 153, 'Brown', 'Brazil');
insert into passports (id, ssn, name, gender, DOB, height, hair_color, nationality) values (427, '109-75-8902', 'Jessy De Ruel', 'Male', '7/27/1951', 188, 'Bald', 'Bulgaria');
insert into passports (id, ssn, name, gender, DOB, height, hair_color, nationality) values (428, '417-35-4665', 'Peterus Remmer', 'Female', '8/19/1964', 197, 'Black', 'Peru');
insert into passports (id, ssn, name, gender, DOB, height, hair_color, nationality) values (429, '724-33-8280', 'Jefferson Metham', 'Male', '9/6/1963', 164, 'Bald', 'Yemen');
insert into passports (id, ssn, name, gender, DOB, height, hair_color, nationality) values (430, '816-05-9562', 'Vic Seymer', 'Female', '11/11/1963', 194, 'Red', 'China');
insert into passports (id, ssn, name, gender, DOB, height, hair_color, nationality) values (431, '521-19-6012', 'Garv Rountree', 'Female', '7/25/1952', 196, 'Bald', 'China');
insert into passports (id, ssn, name, gender, DOB, height, hair_color, nationality) values (432, '609-22-2583', 'Patten Ather', 'Male', '1/15/1977', 154, 'Bald', 'Indonesia');
insert into passports (id, ssn, name, gender, DOB, height, hair_color, nationality) values (433, '652-04-0440', 'Marlena Espina', 'Female', '12/21/1969', 169, 'Black', 'France');
insert into passports (id, ssn, name, gender, DOB, height, hair_color, nationality) values (434, '203-94-5775', 'Florian Pavyer', 'Female', '11/4/1975', 157, 'Black', 'China');
insert into passports (id, ssn, name, gender, DOB, height, hair_color, nationality) values (435, '552-27-2718', 'Dennison Romer', 'Female', '10/5/1965', 196, 'Blonde', 'Japan');
insert into passports (id, ssn, name, gender, DOB, height, hair_color, nationality) values (436, '255-27-3764', 'Nanete Plewman', 'Male', '8/12/1977', 176, 'Brown', 'Brazil');
insert into passports (id, ssn, name, gender, DOB, height, hair_color, nationality) values (437, '526-25-9936', 'Kaiser Castanho', 'Male', '11/21/1976', 182, 'Blonde', 'China');
insert into passports (id, ssn, name, gender, DOB, height, hair_color, nationality) values (438, '698-02-4191', 'Trisha Northcote', 'Female', '2/8/1963', 157, 'Brown', 'Cambodia');
insert into passports (id, ssn, name, gender, DOB, height, hair_color, nationality) values (439, '892-01-9898', 'Cass Farden', 'Male', '3/27/1954', 197, 'Red', 'Colombia');
insert into passports (id, ssn, name, gender, DOB, height, hair_color, nationality) values (440, '751-51-9162', 'Thelma MacDearmid', 'Female', '1/24/1958', 170, 'Bald', 'France');
insert into passports (id, ssn, name, gender, DOB, height, hair_color, nationality) values (441, '509-59-4819', 'Juliette Junes', 'Female', '1/25/1974', 197, 'Bald', 'Brazil');
insert into passports (id, ssn, name, gender, DOB, height, hair_color, nationality) values (442, '231-21-9126', 'Sarette Billo', 'Female', '9/25/1969', 170, 'Brown', 'South Africa');
insert into passports (id, ssn, name, gender, DOB, height, hair_color, nationality) values (443, '899-99-2793', 'Elsworth Jackalin', 'Male', '6/8/1973', 180, 'Black', 'South Africa');
insert into passports (id, ssn, name, gender, DOB, height, hair_color, nationality) values (444, '356-22-7925', 'Vite Yexley', 'Female', '7/29/1983', 166, 'Blonde', 'Venezuela');
insert into passports (id, ssn, name, gender, DOB, height, hair_color, nationality) values (445, '256-79-0725', 'Bartolemo Semens', 'Male', '1/21/1961', 167, 'Bald', 'Croatia');
insert into passports (id, ssn, name, gender, DOB, height, hair_color, nationality) values (446, '570-06-2175', 'Rossie Skrines', 'Male', '1/20/1993', 165, 'Blonde', 'Poland');
insert into passports (id, ssn, name, gender, DOB, height, hair_color, nationality) values (447, '675-64-1724', 'Noni Bartelli', 'Male', '9/5/1991', 187, 'Blonde', 'Greece');
insert into passports (id, ssn, name, gender, DOB, height, hair_color, nationality) values (448, '417-31-0557', 'Bambie Adolfson', 'Female', '10/3/1959', 200, 'Red', 'Indonesia');
insert into passports (id, ssn, name, gender, DOB, height, hair_color, nationality) values (449, '136-16-1494', 'Jayme Faiers', 'Female', '8/11/1955', 199, 'Brown', 'Portugal');
insert into passports (id, ssn, name, gender, DOB, height, hair_color, nationality) values (450, '330-18-2708', 'Sibyl Kolakowski', 'Male', '11/26/1962', 181, 'Bald', 'Thailand');
insert into passports (id, ssn, name, gender, DOB, height, hair_color, nationality) values (451, '884-15-8248', 'Budd Birtwisle', 'Male', '2/9/1977', 175, 'Black', 'Japan');
insert into passports (id, ssn, name, gender, DOB, height, hair_color, nationality) values (452, '458-11-4902', 'Caterina Tulip', 'Male', '8/16/1975', 188, 'Red', 'Portugal');
insert into passports (id, ssn, name, gender, DOB, height, hair_color, nationality) values (453, '683-34-9231', 'Blythe Bodker', 'Female', '2/27/1989', 178, 'Black', 'Moldova');
insert into passports (id, ssn, name, gender, DOB, height, hair_color, nationality) values (454, '879-65-2738', 'Decca O''Corrigane', 'Male', '11/5/1955', 181, 'Brown', 'Finland');
insert into passports (id, ssn, name, gender, DOB, height, hair_color, nationality) values (455, '563-11-9449', 'Nananne Brownhall', 'Female', '2/14/1958', 197, 'Brown', 'France');
insert into passports (id, ssn, name, gender, DOB, height, hair_color, nationality) values (456, '730-78-7305', 'Avictor Sumpton', 'Male', '5/12/1962', 154, 'Blonde', 'Reunion');
insert into passports (id, ssn, name, gender, DOB, height, hair_color, nationality) values (457, '290-25-9962', 'Calida Iremonger', 'Male', '8/7/1980', 152, 'Blonde', 'Thailand');
insert into passports (id, ssn, name, gender, DOB, height, hair_color, nationality) values (458, '539-41-5157', 'Thomasin Sawden', 'Male', '2/15/1978', 157, 'Bald', 'United States');
insert into passports (id, ssn, name, gender, DOB, height, hair_color, nationality) values (459, '226-72-3606', 'Marsiella Dunseath', 'Female', '10/19/1985', 173, 'Brown', 'France');
insert into passports (id, ssn, name, gender, DOB, height, hair_color, nationality) values (460, '573-52-2679', 'Walden Mayzes', 'Male', '9/28/1973', 157, 'Red', 'China');
insert into passports (id, ssn, name, gender, DOB, height, hair_color, nationality) values (461, '286-94-2789', 'Rickard Deighan', 'Female', '3/4/1974', 199, 'Brown', 'Sweden');
insert into passports (id, ssn, name, gender, DOB, height, hair_color, nationality) values (462, '382-40-9687', 'Jonell Danne', 'Male', '1/28/1987', 166, 'Red', 'Philippines');
insert into passports (id, ssn, name, gender, DOB, height, hair_color, nationality) values (463, '822-57-6851', 'Ignatius Maclean', 'Male', '1/6/1967', 176, 'Bald', 'China');
insert into passports (id, ssn, name, gender, DOB, height, hair_color, nationality) values (464, '273-79-8368', 'Berne Markovich', 'Male', '12/5/1953', 163, 'Bald', 'Kazakhstan');
insert into passports (id, ssn, name, gender, DOB, height, hair_color, nationality) values (465, '569-02-4702', 'Rolf Wedgwood', 'Male', '5/26/1959', 171, 'Red', 'Indonesia');
insert into passports (id, ssn, name, gender, DOB, height, hair_color, nationality) values (466, '367-58-2707', 'Mead Jager', 'Female', '3/26/1964', 187, 'Black', 'Russia');
insert into passports (id, ssn, name, gender, DOB, height, hair_color, nationality) values (467, '248-55-5329', 'Rozanna Best', 'Male', '7/4/1964', 181, 'Black', 'France');
insert into passports (id, ssn, name, gender, DOB, height, hair_color, nationality) values (468, '485-87-3771', 'Hatti Dobie', 'Female', '8/21/1974', 176, 'Red', 'Philippines');
insert into passports (id, ssn, name, gender, DOB, height, hair_color, nationality) values (469, '802-32-2423', 'Tully Smale', 'Female', '12/30/1983', 177, 'Brown', 'Greece');
insert into passports (id, ssn, name, gender, DOB, height, hair_color, nationality) values (470, '714-34-4355', 'Tarah Behnke', 'Female', '12/6/1986', 195, 'Bald', 'China');
insert into passports (id, ssn, name, gender, DOB, height, hair_color, nationality) values (471, '408-64-3040', 'Stu Plampin', 'Male', '10/10/1970', 168, 'Black', 'China');
insert into passports (id, ssn, name, gender, DOB, height, hair_color, nationality) values (472, '257-81-2510', 'Becca Sibbons', 'Male', '6/3/1953', 190, 'Blonde', 'China');
insert into passports (id, ssn, name, gender, DOB, height, hair_color, nationality) values (473, '453-30-8446', 'Anne-corinne Arnaez', 'Female', '9/12/1952', 150, 'Brown', 'China');
insert into passports (id, ssn, name, gender, DOB, height, hair_color, nationality) values (474, '800-57-5618', 'Taite Millward', 'Male', '3/19/1986', 181, 'Bald', 'Sweden');
insert into passports (id, ssn, name, gender, DOB, height, hair_color, nationality) values (475, '217-01-5243', 'Eryn Beeching', 'Male', '8/19/1979', 165, 'Black', 'China');
insert into passports (id, ssn, name, gender, DOB, height, hair_color, nationality) values (476, '661-59-1545', 'Meredith Tyndall', 'Male', '2/2/1983', 158, 'Blonde', 'China');
insert into passports (id, ssn, name, gender, DOB, height, hair_color, nationality) values (477, '676-97-1180', 'Olav Capponer', 'Male', '2/13/1987', 178, 'Bald', 'Indonesia');
insert into passports (id, ssn, name, gender, DOB, height, hair_color, nationality) values (478, '536-82-0285', 'Anthe Sille', 'Male', '10/20/1984', 189, 'Black', 'Venezuela');
insert into passports (id, ssn, name, gender, DOB, height, hair_color, nationality) values (479, '386-84-8749', 'Goddart Henrys', 'Female', '12/15/1978', 188, 'Brown', 'Poland');
insert into passports (id, ssn, name, gender, DOB, height, hair_color, nationality) values (480, '115-61-1810', 'Leland Trinder', 'Male', '4/23/1989', 186, 'Black', 'Venezuela');
insert into passports (id, ssn, name, gender, DOB, height, hair_color, nationality) values (481, '126-92-5453', 'Eliza Chaize', 'Male', '6/13/1972', 161, 'Red', 'China');
insert into passports (id, ssn, name, gender, DOB, height, hair_color, nationality) values (482, '847-94-7374', 'Ransom Bouda', 'Female', '11/1/1983', 161, 'Black', 'Tunisia');
insert into passports (id, ssn, name, gender, DOB, height, hair_color, nationality) values (483, '177-21-8442', 'Anastasia Bletso', 'Female', '6/27/1973', 192, 'Bald', 'Indonesia');
insert into passports (id, ssn, name, gender, DOB, height, hair_color, nationality) values (484, '470-38-2228', 'Pamella Callacher', 'Female', '11/27/1953', 176, 'Black', 'China');
insert into passports (id, ssn, name, gender, DOB, height, hair_color, nationality) values (485, '225-82-0413', 'Neddy Tackell', 'Female', '8/19/1972', 183, 'Blonde', 'Indonesia');
insert into passports (id, ssn, name, gender, DOB, height, hair_color, nationality) values (486, '164-40-5219', 'Alena Gong', 'Female', '12/26/1950', 194, 'Red', 'China');
insert into passports (id, ssn, name, gender, DOB, height, hair_color, nationality) values (487, '383-96-1648', 'Isa Hollows', 'Female', '10/19/1958', 152, 'Brown', 'Indonesia');
insert into passports (id, ssn, name, gender, DOB, height, hair_color, nationality) values (488, '817-45-3094', 'Kurt Bearcroft', 'Male', '8/22/1952', 170, 'Red', 'Paraguay');
insert into passports (id, ssn, name, gender, DOB, height, hair_color, nationality) values (489, '204-95-1980', 'Roberta Kennaway', 'Female', '7/6/1979', 186, 'Bald', 'Indonesia');
insert into passports (id, ssn, name, gender, DOB, height, hair_color, nationality) values (490, '100-20-8187', 'Laney Wenban', 'Female', '6/20/1970', 181, 'Blonde', 'France');
insert into passports (id, ssn, name, gender, DOB, height, hair_color, nationality) values (491, '527-52-7342', 'Cesar Bradnocke', 'Female', '1/12/1964', 190, 'Red', 'Indonesia');
insert into passports (id, ssn, name, gender, DOB, height, hair_color, nationality) values (492, '659-74-2779', 'Elinore Batsford', 'Female', '10/8/1961', 160, 'Blonde', 'China');
insert into passports (id, ssn, name, gender, DOB, height, hair_color, nationality) values (493, '798-25-9215', 'Tonnie Orr', 'Male', '9/14/1953', 187, 'Black', 'Laos');
insert into passports (id, ssn, name, gender, DOB, height, hair_color, nationality) values (494, '722-90-2389', 'Nady Grzegorzewski', 'Male', '10/11/1987', 163, 'Black', 'Colombia');
insert into passports (id, ssn, name, gender, DOB, height, hair_color, nationality) values (495, '213-24-7094', 'Lenci Roscher', 'Male', '10/24/1976', 171, 'Brown', 'Russia');
insert into passports (id, ssn, name, gender, DOB, height, hair_color, nationality) values (496, '448-30-2499', 'Niki Pallis', 'Female', '4/30/1969', 185, 'Brown', 'Portugal');
insert into passports (id, ssn, name, gender, DOB, height, hair_color, nationality) values (497, '135-98-5931', 'Olivero Wrightem', 'Male', '1/16/1951', 200, 'Blonde', 'Indonesia');
insert into passports (id, ssn, name, gender, DOB, height, hair_color, nationality) values (498, '693-88-8473', 'Johnna Lincey', 'Male', '7/9/1981', 171, 'Blonde', 'Slovenia');
insert into passports (id, ssn, name, gender, DOB, height, hair_color, nationality) values (499, '162-49-7561', 'Loree Degan', 'Male', '4/15/1978', 173, 'Bald', 'Togo');
insert into passports (id, ssn, name, gender, DOB, height, hair_color, nationality) values (500, '357-90-3218', 'Jaquith Gregs', 'Female', '5/2/1965', 152, 'Red', 'Peru');
insert into passports (id, ssn, name, gender, DOB, height, hair_color, nationality) values (501, '337-71-7285', 'Aristotle Finby', 'Female', '6/30/1956', 166, 'Blonde', 'Faroe Islands');
insert into passports (id, ssn, name, gender, DOB, height, hair_color, nationality) values (502, '199-59-1008', 'Wandis Forsdike', 'Female', '1/21/1957', 158, 'Red', 'Indonesia');
insert into passports (id, ssn, name, gender, DOB, height, hair_color, nationality) values (503, '244-61-0578', 'Gino Healings', 'Male', '1/18/1994', 189, 'Black', 'Mexico');
insert into passports (id, ssn, name, gender, DOB, height, hair_color, nationality) values (504, '154-65-9512', 'Morgana Stitfall', 'Female', '9/10/1951', 193, 'Bald', 'Peru');
insert into passports (id, ssn, name, gender, DOB, height, hair_color, nationality) values (505, '201-86-3677', 'Nata Hover', 'Female', '11/20/1969', 176, 'Black', 'China');
insert into passports (id, ssn, name, gender, DOB, height, hair_color, nationality) values (506, '504-39-6204', 'Kennith Litterick', 'Male', '6/7/1983', 200, 'Blonde', 'Poland');
insert into passports (id, ssn, name, gender, DOB, height, hair_color, nationality) values (507, '578-98-2379', 'Gail Scheu', 'Male', '11/11/1957', 159, 'Red', 'Portugal');
insert into passports (id, ssn, name, gender, DOB, height, hair_color, nationality) values (508, '353-64-6011', 'Lorin Firman', 'Male', '12/29/1968', 164, 'Red', 'Poland');
insert into passports (id, ssn, name, gender, DOB, height, hair_color, nationality) values (509, '331-44-4892', 'Ryann Bougen', 'Male', '2/4/1954', 156, 'Red', 'Malta');
insert into passports (id, ssn, name, gender, DOB, height, hair_color, nationality) values (510, '455-76-1368', 'Lanny Wastling', 'Male', '9/10/1982', 154, 'Blonde', 'Russia');
insert into passports (id, ssn, name, gender, DOB, height, hair_color, nationality) values (511, '701-24-6360', 'Fabien Gosling', 'Male', '12/13/1965', 192, 'Red', 'Indonesia');
insert into passports (id, ssn, name, gender, DOB, height, hair_color, nationality) values (512, '817-95-6093', 'Cecilius Rickeard', 'Male', '6/9/1953', 153, 'Bald', 'Norway');
insert into passports (id, ssn, name, gender, DOB, height, hair_color, nationality) values (513, '680-92-8058', 'Gideon Seamark', 'Male', '11/22/1980', 160, 'Blonde', 'Philippines');
insert into passports (id, ssn, name, gender, DOB, height, hair_color, nationality) values (514, '886-67-9065', 'Robinet Kinghorn', 'Female', '7/28/1989', 157, 'Blonde', 'Brazil');
insert into passports (id, ssn, name, gender, DOB, height, hair_color, nationality) values (515, '149-36-2096', 'Lester Radleigh', 'Male', '1/20/1995', 198, 'Red', 'China');
insert into passports (id, ssn, name, gender, DOB, height, hair_color, nationality) values (516, '852-93-7254', 'Aube Schwartz', 'Male', '12/11/1950', 184, 'Bald', 'Serbia');
insert into passports (id, ssn, name, gender, DOB, height, hair_color, nationality) values (517, '342-18-1488', 'Keelia Velez', 'Male', '10/30/1984', 193, 'Black', 'Czech Republic');
insert into passports (id, ssn, name, gender, DOB, height, hair_color, nationality) values (518, '815-22-0675', 'Rancell Simpole', 'Female', '6/28/1957', 153, 'Red', 'China');
insert into passports (id, ssn, name, gender, DOB, height, hair_color, nationality) values (519, '120-55-8814', 'Fraze Critch', 'Male', '2/6/1959', 177, 'Black', 'Philippines');
insert into passports (id, ssn, name, gender, DOB, height, hair_color, nationality) values (520, '336-19-9555', 'Carlyn Hort', 'Male', '6/14/1984', 165, 'Red', 'China');
insert into passports (id, ssn, name, gender, DOB, height, hair_color, nationality) values (521, '251-75-4165', 'Michale Borrott', 'Male', '9/27/1986', 155, 'Red', 'Philippines');
insert into passports (id, ssn, name, gender, DOB, height, hair_color, nationality) values (522, '176-73-6253', 'Abigale Shannahan', 'Female', '9/2/1994', 162, 'Red', 'Colombia');
insert into passports (id, ssn, name, gender, DOB, height, hair_color, nationality) values (523, '673-08-4737', 'Hilary Campaigne', 'Female', '5/5/1982', 174, 'Red', 'Canada');
insert into passports (id, ssn, name, gender, DOB, height, hair_color, nationality) values (524, '831-65-7846', 'Cortney Rosen', 'Female', '3/4/1992', 193, 'Blonde', 'Philippines');
insert into passports (id, ssn, name, gender, DOB, height, hair_color, nationality) values (525, '826-06-2501', 'Monti Titterton', 'Male', '6/15/1964', 168, 'Black', 'Peru');
insert into passports (id, ssn, name, gender, DOB, height, hair_color, nationality) values (526, '741-89-0800', 'Herbie Mulkerrins', 'Female', '8/10/1986', 173, 'Red', 'China');
insert into passports (id, ssn, name, gender, DOB, height, hair_color, nationality) values (527, '242-27-0385', 'Rasia Baribal', 'Female', '1/10/1967', 150, 'Brown', 'Bosnia and Herzegovina');
insert into passports (id, ssn, name, gender, DOB, height, hair_color, nationality) values (528, '422-73-0221', 'Benni Kenneway', 'Female', '7/28/1983', 197, 'Bald', 'China');
insert into passports (id, ssn, name, gender, DOB, height, hair_color, nationality) values (529, '664-50-7195', 'Isidoro Juster', 'Male', '3/25/1976', 175, 'Brown', 'Cambodia');
insert into passports (id, ssn, name, gender, DOB, height, hair_color, nationality) values (530, '509-11-1868', 'Bernadine Purle', 'Female', '12/29/1968', 155, 'Blonde', 'China');
insert into passports (id, ssn, name, gender, DOB, height, hair_color, nationality) values (531, '222-06-8996', 'Lisabeth Bexley', 'Male', '9/20/1972', 194, 'Brown', 'Saint Kitts and Nevis');
insert into passports (id, ssn, name, gender, DOB, height, hair_color, nationality) values (532, '291-04-6578', 'Rosabella Howgego', 'Female', '8/11/1964', 160, 'Bald', 'Azerbaijan');
insert into passports (id, ssn, name, gender, DOB, height, hair_color, nationality) values (533, '768-48-6772', 'Denyse Leirmonth', 'Female', '1/3/1958', 173, 'Bald', 'Sweden');
insert into passports (id, ssn, name, gender, DOB, height, hair_color, nationality) values (534, '698-72-5318', 'Abner Clamo', 'Female', '12/1/1952', 183, 'Blonde', 'China');
insert into passports (id, ssn, name, gender, DOB, height, hair_color, nationality) values (535, '671-64-7483', 'Annelise Arthur', 'Female', '11/6/1958', 159, 'Blonde', 'Cuba');
insert into passports (id, ssn, name, gender, DOB, height, hair_color, nationality) values (536, '624-40-6767', 'Holden Hallifax', 'Male', '5/11/1957', 155, 'Bald', 'Libya');
insert into passports (id, ssn, name, gender, DOB, height, hair_color, nationality) values (537, '800-16-0636', 'Bonny Slimme', 'Female', '8/21/1955', 174, 'Blonde', 'Russia');
insert into passports (id, ssn, name, gender, DOB, height, hair_color, nationality) values (538, '898-70-1871', 'Trixi Absolom', 'Male', '7/22/1954', 185, 'Brown', 'Benin');
insert into passports (id, ssn, name, gender, DOB, height, hair_color, nationality) values (539, '277-04-1669', 'Dag Dulen', 'Female', '8/19/1970', 178, 'Bald', 'China');
insert into passports (id, ssn, name, gender, DOB, height, hair_color, nationality) values (540, '680-47-5509', 'Letta Gerasch', 'Female', '9/10/1994', 163, 'Brown', 'China');
insert into passports (id, ssn, name, gender, DOB, height, hair_color, nationality) values (541, '416-70-8154', 'Dorey Panting', 'Male', '7/25/1980', 195, 'Blonde', 'Greece');
insert into passports (id, ssn, name, gender, DOB, height, hair_color, nationality) values (542, '238-64-9306', 'Teddy Feaveryear', 'Male', '6/2/1989', 199, 'Blonde', 'China');
insert into passports (id, ssn, name, gender, DOB, height, hair_color, nationality) values (543, '139-14-8515', 'Eunice Elkins', 'Female', '7/23/1987', 157, 'Red', 'Peru');
insert into passports (id, ssn, name, gender, DOB, height, hair_color, nationality) values (544, '187-55-9408', 'Olag Hurle', 'Female', '3/11/1961', 170, 'Blonde', 'Philippines');
insert into passports (id, ssn, name, gender, DOB, height, hair_color, nationality) values (545, '428-43-0694', 'Cordie Assandri', 'Female', '9/2/1985', 160, 'Blonde', 'Russia');
insert into passports (id, ssn, name, gender, DOB, height, hair_color, nationality) values (546, '537-92-6667', 'Brion Meriel', 'Male', '12/1/1983', 181, 'Blonde', 'Indonesia');
insert into passports (id, ssn, name, gender, DOB, height, hair_color, nationality) values (547, '262-38-0851', 'Ross Aleavy', 'Female', '4/1/1984', 187, 'Blonde', 'Indonesia');
insert into passports (id, ssn, name, gender, DOB, height, hair_color, nationality) values (548, '500-29-8369', 'Vida Barrand', 'Female', '6/26/1972', 177, 'Red', 'Portugal');
insert into passports (id, ssn, name, gender, DOB, height, hair_color, nationality) values (549, '835-37-8771', 'Rosanne Raun', 'Male', '3/27/1983', 150, 'Red', 'Philippines');
insert into passports (id, ssn, name, gender, DOB, height, hair_color, nationality) values (550, '500-58-5645', 'Karrie Battams', 'Female', '3/29/1964', 180, 'Blonde', 'Venezuela');
insert into passports (id, ssn, name, gender, DOB, height, hair_color, nationality) values (551, '380-07-0001', 'Huey Beardmore', 'Female', '1/14/1974', 153, 'Black', 'Uganda');
insert into passports (id, ssn, name, gender, DOB, height, hair_color, nationality) values (552, '499-85-0774', 'Towny Clarabut', 'Female', '12/2/1989', 156, 'Bald', 'China');
insert into passports (id, ssn, name, gender, DOB, height, hair_color, nationality) values (553, '546-16-1530', 'Oby Narup', 'Male', '3/20/1981', 186, 'Brown', 'China');
insert into passports (id, ssn, name, gender, DOB, height, hair_color, nationality) values (554, '677-86-4362', 'Libby Feldbau', 'Female', '3/29/1972', 176, 'Brown', 'Norway');
insert into passports (id, ssn, name, gender, DOB, height, hair_color, nationality) values (555, '235-65-5103', 'Jeanelle Brantl', 'Male', '1/13/1984', 169, 'Black', 'South Korea');
insert into passports (id, ssn, name, gender, DOB, height, hair_color, nationality) values (556, '554-91-2678', 'Lyssa Gasking', 'Male', '2/22/1979', 189, 'Black', 'China');
insert into passports (id, ssn, name, gender, DOB, height, hair_color, nationality) values (557, '866-58-5196', 'Lyn Libermore', 'Female', '9/12/1989', 192, 'Blonde', 'China');
insert into passports (id, ssn, name, gender, DOB, height, hair_color, nationality) values (558, '663-30-4165', 'Kincaid Berntssen', 'Female', '7/5/1978', 200, 'Blonde', 'China');
insert into passports (id, ssn, name, gender, DOB, height, hair_color, nationality) values (559, '879-57-5822', 'Starr McGiff', 'Female', '1/11/1994', 191, 'Blonde', 'Czech Republic');
insert into passports (id, ssn, name, gender, DOB, height, hair_color, nationality) values (560, '270-64-5150', 'Marna Archbald', 'Male', '5/6/1969', 172, 'Brown', 'Russia');
insert into passports (id, ssn, name, gender, DOB, height, hair_color, nationality) values (561, '799-65-0168', 'Cortie Bart', 'Male', '4/28/1984', 169, 'Bald', 'China');
insert into passports (id, ssn, name, gender, DOB, height, hair_color, nationality) values (562, '233-76-5097', 'Johannes Beincken', 'Female', '5/17/1977', 152, 'Red', 'Ethiopia');
insert into passports (id, ssn, name, gender, DOB, height, hair_color, nationality) values (563, '414-56-2237', 'Ulrick Dix', 'Female', '5/22/1982', 182, 'Blonde', 'China');
insert into passports (id, ssn, name, gender, DOB, height, hair_color, nationality) values (564, '568-61-9381', 'Lowe Espin', 'Male', '7/22/1975', 192, 'Blonde', 'Sweden');
insert into passports (id, ssn, name, gender, DOB, height, hair_color, nationality) values (565, '735-81-9495', 'Thomasine Masi', 'Female', '12/4/1993', 170, 'Black', 'Russia');
insert into passports (id, ssn, name, gender, DOB, height, hair_color, nationality) values (566, '894-26-1823', 'Alwin Buzek', 'Female', '2/11/1968', 151, 'Blonde', 'Philippines');
insert into passports (id, ssn, name, gender, DOB, height, hair_color, nationality) values (567, '664-07-2612', 'Doloritas Klyn', 'Female', '3/31/1953', 185, 'Red', 'Ethiopia');
insert into passports (id, ssn, name, gender, DOB, height, hair_color, nationality) values (568, '430-92-8659', 'Hobard Wilmot', 'Female', '9/1/1992', 177, 'Brown', 'Lithuania');
insert into passports (id, ssn, name, gender, DOB, height, hair_color, nationality) values (569, '749-09-9430', 'Brenden Fullicks', 'Male', '5/18/1987', 198, 'Black', 'South Africa');
insert into passports (id, ssn, name, gender, DOB, height, hair_color, nationality) values (570, '346-04-9476', 'Brynne Gasquoine', 'Female', '2/10/1965', 181, 'Brown', 'China');
insert into passports (id, ssn, name, gender, DOB, height, hair_color, nationality) values (571, '289-41-5004', 'Niki Tonnesen', 'Female', '10/6/1982', 190, 'Blonde', 'Colombia');
insert into passports (id, ssn, name, gender, DOB, height, hair_color, nationality) values (572, '215-72-5591', 'Birgit Maltster', 'Male', '10/24/1964', 181, 'Blonde', 'Peru');
insert into passports (id, ssn, name, gender, DOB, height, hair_color, nationality) values (573, '546-74-7447', 'Shelden Farmloe', 'Female', '12/17/1963', 175, 'Red', 'France');
insert into passports (id, ssn, name, gender, DOB, height, hair_color, nationality) values (574, '115-07-0935', 'Germain Filyashin', 'Male', '5/29/1964', 188, 'Bald', 'China');
insert into passports (id, ssn, name, gender, DOB, height, hair_color, nationality) values (575, '770-22-7062', 'Jaquenetta Heinsh', 'Male', '9/2/1992', 177, 'Black', 'Sweden');
insert into passports (id, ssn, name, gender, DOB, height, hair_color, nationality) values (576, '329-01-6860', 'Levy Listone', 'Male', '9/17/1974', 192, 'Blonde', 'Indonesia');
insert into passports (id, ssn, name, gender, DOB, height, hair_color, nationality) values (577, '537-39-9345', 'Gilbert Jeppensen', 'Female', '8/19/1960', 162, 'Black', 'Norway');
insert into passports (id, ssn, name, gender, DOB, height, hair_color, nationality) values (578, '165-70-2539', 'Oren Falco', 'Female', '3/1/1964', 189, 'Bald', 'China');
insert into passports (id, ssn, name, gender, DOB, height, hair_color, nationality) values (579, '414-30-0125', 'Cayla Domerq', 'Male', '11/12/1970', 188, 'Red', 'China');
insert into passports (id, ssn, name, gender, DOB, height, hair_color, nationality) values (580, '414-26-8073', 'Quill Denniss', 'Female', '8/14/1967', 190, 'Black', 'Philippines');
insert into passports (id, ssn, name, gender, DOB, height, hair_color, nationality) values (581, '352-46-7656', 'Westbrook Farnill', 'Female', '9/16/1969', 176, 'Brown', 'Nigeria');
insert into passports (id, ssn, name, gender, DOB, height, hair_color, nationality) values (582, '298-28-1649', 'Olympe Andryushin', 'Male', '9/5/1972', 183, 'Black', 'Portugal');
insert into passports (id, ssn, name, gender, DOB, height, hair_color, nationality) values (583, '340-23-8684', 'Bobbye Sneezum', 'Male', '6/8/1974', 175, 'Black', 'Portugal');
insert into passports (id, ssn, name, gender, DOB, height, hair_color, nationality) values (584, '436-92-6680', 'Aeriela Dews', 'Male', '11/5/1980', 194, 'Brown', 'China');
insert into passports (id, ssn, name, gender, DOB, height, hair_color, nationality) values (585, '278-55-0953', 'Coral Espie', 'Female', '11/15/1964', 199, 'Blonde', 'China');
insert into passports (id, ssn, name, gender, DOB, height, hair_color, nationality) values (586, '323-49-5305', 'Rafael Hearnaman', 'Male', '2/13/1966', 188, 'Blonde', 'Greece');
insert into passports (id, ssn, name, gender, DOB, height, hair_color, nationality) values (587, '431-22-4298', 'Adina Nichols', 'Male', '3/22/1971', 167, 'Blonde', 'Venezuela');
insert into passports (id, ssn, name, gender, DOB, height, hair_color, nationality) values (588, '842-10-9500', 'Benjamen Gettone', 'Female', '5/1/1976', 189, 'Blonde', 'Poland');
insert into passports (id, ssn, name, gender, DOB, height, hair_color, nationality) values (589, '432-93-7616', 'Erroll Downs', 'Male', '2/27/1976', 178, 'Blonde', 'Democratic Republic of the Congo');
insert into passports (id, ssn, name, gender, DOB, height, hair_color, nationality) values (590, '495-27-1822', 'Cara Mountney', 'Male', '3/18/1985', 155, 'Bald', 'Dominican Republic');
insert into passports (id, ssn, name, gender, DOB, height, hair_color, nationality) values (591, '592-30-4512', 'Bess Stoneley', 'Male', '9/13/1956', 187, 'Black', 'Indonesia');
insert into passports (id, ssn, name, gender, DOB, height, hair_color, nationality) values (592, '325-56-3270', 'Saraann Suddaby', 'Female', '1/3/1975', 154, 'Blonde', 'Russia');
insert into passports (id, ssn, name, gender, DOB, height, hair_color, nationality) values (593, '289-36-6185', 'Shandeigh Stoop', 'Female', '7/30/1975', 198, 'Red', 'Indonesia');
insert into passports (id, ssn, name, gender, DOB, height, hair_color, nationality) values (594, '404-94-9897', 'Giorgia Matley', 'Female', '4/27/1989', 179, 'Blonde', 'Japan');
insert into passports (id, ssn, name, gender, DOB, height, hair_color, nationality) values (595, '329-58-5081', 'Ellary Andrini', 'Female', '11/16/1964', 196, 'Red', 'Russia');
insert into passports (id, ssn, name, gender, DOB, height, hair_color, nationality) values (596, '425-09-7331', 'Angele Rousby', 'Female', '2/11/1976', 165, 'Brown', 'Reunion');
insert into passports (id, ssn, name, gender, DOB, height, hair_color, nationality) values (597, '782-35-5493', 'Mateo Blount', 'Male', '4/13/1974', 150, 'Bald', 'Liberia');
insert into passports (id, ssn, name, gender, DOB, height, hair_color, nationality) values (598, '808-21-4046', 'Annice Oag', 'Female', '8/14/1983', 200, 'Bald', 'Brazil');
insert into passports (id, ssn, name, gender, DOB, height, hair_color, nationality) values (599, '882-19-2716', 'Xylia Bellingham', 'Male', '6/13/1966', 199, 'Blonde', 'Finland');
insert into passports (id, ssn, name, gender, DOB, height, hair_color, nationality) values (600, '748-20-9173', 'Edin Tyrer', 'Female', '7/5/1964', 168, 'Bald', 'China');
insert into passports (id, ssn, name, gender, DOB, height, hair_color, nationality) values (601, '267-35-6547', 'Keriann Cocozza', 'Male', '3/3/1964', 168, 'Brown', 'China');
insert into passports (id, ssn, name, gender, DOB, height, hair_color, nationality) values (602, '716-02-1686', 'Karon Rentoul', 'Female', '4/8/1956', 193, 'Brown', 'Indonesia');
insert into passports (id, ssn, name, gender, DOB, height, hair_color, nationality) values (603, '892-87-3664', 'Joan Brayshay', 'Male', '4/15/1954', 188, 'Black', 'Russia');
insert into passports (id, ssn, name, gender, DOB, height, hair_color, nationality) values (604, '316-42-7645', 'Teri Castelin', 'Male', '9/7/1956', 158, 'Blonde', 'Sierra Leone');
insert into passports (id, ssn, name, gender, DOB, height, hair_color, nationality) values (605, '137-69-7516', 'Bertrand MacGuffog', 'Female', '10/9/1959', 163, 'Blonde', 'China');
insert into passports (id, ssn, name, gender, DOB, height, hair_color, nationality) values (606, '382-16-2674', 'Bradley Batchelor', 'Male', '9/24/1966', 200, 'Bald', 'Brazil');
insert into passports (id, ssn, name, gender, DOB, height, hair_color, nationality) values (607, '332-21-9214', 'Redd Kyndred', 'Male', '5/22/1986', 183, 'Brown', 'Japan');
insert into passports (id, ssn, name, gender, DOB, height, hair_color, nationality) values (608, '558-30-0084', 'Renado Mocquer', 'Female', '10/3/1982', 154, 'Black', 'Argentina');
insert into passports (id, ssn, name, gender, DOB, height, hair_color, nationality) values (609, '269-96-6389', 'Wynne Gale', 'Male', '9/23/1958', 190, 'Blonde', 'Dominican Republic');

insert into animals (id, name, breed, passport_id, vaccinated) values (1, 'Boris', 'Poodle', 62, false);
insert into animals (id, name, breed, passport_id, vaccinated) values (2, 'Wilma', 'Goldendoodle', 180, false);
insert into animals (id, name, breed, passport_id, vaccinated) values (3, 'Cookie', 'German Shepard', 105, false);
insert into animals (id, name, breed, passport_id, vaccinated) values (4, 'Boris', 'Bulldog', 19, true);
insert into animals (id, name, breed, passport_id, vaccinated) values (5, 'Muffin', 'Poodle', 259, true);
insert into animals (id, name, breed, passport_id, vaccinated) values (6, 'Majken', 'Poodle', 75, true);
insert into animals (id, name, breed, passport_id, vaccinated) values (7, 'Star', 'German Shepard', 31, true);
insert into animals (id, name, breed, passport_id, vaccinated) values (8, 'Gunnar', 'Golden Retriver', 223, false);
insert into animals (id, name, breed, passport_id, vaccinated) values (9, 'Axel', 'Bulldog', 184, true);
insert into animals (id, name, breed, passport_id, vaccinated) values (10, 'Majken', 'Goldendoodle', 139, false);
insert into animals (id, name, breed, passport_id, vaccinated) values (11, 'Axel', 'Bulldog', 146, false);
insert into animals (id, name, breed, passport_id, vaccinated) values (12, 'Angus', 'Golden Retriver', 125, false);
insert into animals (id, name, breed, passport_id, vaccinated) values (13, 'Cookie', 'Goldendoodle', 70, false);
insert into animals (id, name, breed, passport_id, vaccinated) values (14, 'Oskar', 'Golden Retriver', 125, true);
insert into animals (id, name, breed, passport_id, vaccinated) values (15, 'Oskar', 'Golden Retriver', 129, false);
insert into animals (id, name, breed, passport_id, vaccinated) values (16, 'Star', 'German Shepard', 186, false);
insert into animals (id, name, breed, passport_id, vaccinated) values (17, 'Angus', 'Poodle', 195, true);
insert into animals (id, name, breed, passport_id, vaccinated) values (18, 'Angus', 'Golden Retriver', 280, true);
insert into animals (id, name, breed, passport_id, vaccinated) values (19, 'Star', 'Poodle', 73, true);
insert into animals (id, name, breed, passport_id, vaccinated) values (20, 'Cookie', 'German Shepard', 151, false);
insert into animals (id, name, breed, passport_id, vaccinated) values (21, 'Axel', 'Goldendoodle', 113, false);
insert into animals (id, name, breed, passport_id, vaccinated) values (22, 'Cookie', 'Bulldog', 176, true);
insert into animals (id, name, breed, passport_id, vaccinated) values (23, 'Oskar', 'Poodle', 212, false);
insert into animals (id, name, breed, passport_id, vaccinated) values (24, 'Oskar', 'Bulldog', 242, false);
insert into animals (id, name, breed, passport_id, vaccinated) values (25, 'Angus', 'Bulldog', 73, false);
insert into animals (id, name, breed, passport_id, vaccinated) values (26, 'Oskar', 'German Shepard', 153, true);
insert into animals (id, name, breed, passport_id, vaccinated) values (27, 'Gunnar', 'Bulldog', 220, true);
insert into animals (id, name, breed, passport_id, vaccinated) values (28, 'Boris', 'Golden Retriver', 91, true);
insert into animals (id, name, breed, passport_id, vaccinated) values (29, 'Axel', 'Golden Retriver', 274, true);
insert into animals (id, name, breed, passport_id, vaccinated) values (30, 'Cookie', 'Golden Retriver', 272, true);

insert into departures (id, airline, flight_number, destination, departure_at) values (1, 'Voonyx', 'IYJ248', 'China', '2021-10-28 21:06:47');
insert into departures (id, airline, flight_number, destination, departure_at) values (2, 'Rhybox', 'HHA005', 'Poland', '2021-10-26 20:32:04');
insert into departures (id, airline, flight_number, destination, departure_at) values (3, 'Brainsphere', 'ELK917', 'China', '2021-10-24 03:58:25');
insert into departures (id, airline, flight_number, destination, departure_at) values (4, 'Izio', 'NML945', 'Portugal', '2021-10-25 22:01:07');
insert into departures (id, airline, flight_number, destination, departure_at) values (5, 'Realfire', 'PRM730', 'Serbia', '2021-10-26 01:40:12');
insert into departures (id, airline, flight_number, destination, departure_at) values (6, 'Twimm', 'PNH848', 'Equatorial Guinea', '2021-10-28 08:57:24');
insert into departures (id, airline, flight_number, destination, departure_at) values (7, 'Blogtags', 'ZXB919', 'China', '2021-10-25 23:49:16');
insert into departures (id, airline, flight_number, destination, departure_at) values (8, 'Voonder', 'EVF356', 'Italy', '2021-10-26 14:38:28');
insert into departures (id, airline, flight_number, destination, departure_at) values (9, 'Dabtype', 'RWJ581', 'Japan', '2021-10-27 05:05:11');
insert into departures (id, airline, flight_number, destination, departure_at) values (10, 'Thoughtstorm', 'HLR018', 'Brazil', '2021-10-28 20:24:50');
insert into departures (id, airline, flight_number, destination, departure_at) values (11, 'Twitterlist', 'OIA057', 'China', '2021-10-26 23:27:24');
insert into departures (id, airline, flight_number, destination, departure_at) values (12, 'Teklist', 'OLK675', 'Czech Republic', '2021-10-28 22:55:39');
insert into departures (id, airline, flight_number, destination, departure_at) values (13, 'Viva', 'HXW595', 'Poland', '2021-10-28 07:50:26');
insert into departures (id, airline, flight_number, destination, departure_at) values (14, 'Jaxspan', 'NTA818', 'Egypt', '2021-10-28 00:29:28');
insert into departures (id, airline, flight_number, destination, departure_at) values (15, 'Fadeo', 'LYW622', 'United States', '2021-10-27 19:10:02');
insert into departures (id, airline, flight_number, destination, departure_at) values (16, 'Twitterlist', 'ATR086', 'Philippines', '2021-10-27 09:14:08');
insert into departures (id, airline, flight_number, destination, departure_at) values (17, 'Mudo', 'DUE395', 'China', '2021-10-26 11:15:02');
insert into departures (id, airline, flight_number, destination, departure_at) values (18, 'Myworks', 'PIL008', 'China', '2021-10-26 04:47:41');
insert into departures (id, airline, flight_number, destination, departure_at) values (19, 'Fivebridge', 'RES490', 'Philippines', '2021-10-29 23:46:10');
insert into departures (id, airline, flight_number, destination, departure_at) values (20, 'Yadel', 'TIR327', 'Russia', '2021-10-24 10:14:14');
insert into departures (id, airline, flight_number, destination, departure_at) values (21, 'Voonix', 'HZV216', 'India', '2021-10-26 02:15:47');
insert into departures (id, airline, flight_number, destination, departure_at) values (22, 'Vidoo', 'JIO756', 'Indonesia', '2021-10-29 21:47:09');
insert into departures (id, airline, flight_number, destination, departure_at) values (23, 'Gevee', 'XWL330', 'Russia', '2021-10-27 00:40:29');
insert into departures (id, airline, flight_number, destination, departure_at) values (24, 'Fliptune', 'STJ036', 'Myanmar', '2021-10-28 16:16:17');
insert into departures (id, airline, flight_number, destination, departure_at) values (25, 'Youtags', 'IVY633', 'Madagascar', '2021-10-28 11:55:03');
insert into departures (id, airline, flight_number, destination, departure_at) values (26, 'Aimbu', 'YLK348', 'Tunisia', '2021-10-26 22:32:43');
insert into departures (id, airline, flight_number, destination, departure_at) values (27, 'Youfeed', 'VVI387', 'Brazil', '2021-10-29 06:27:15');
insert into departures (id, airline, flight_number, destination, departure_at) values (28, 'Lajo', 'CPG951', 'Indonesia', '2021-10-24 20:13:45');
insert into departures (id, airline, flight_number, destination, departure_at) values (29, 'Avamm', 'AVK263', 'Angola', '2021-10-26 19:31:53');
insert into departures (id, airline, flight_number, destination, departure_at) values (30, 'Youbridge', 'JMU284', 'Canada', '2021-10-28 08:22:35');
insert into departures (id, airline, flight_number, destination, departure_at) values (31, 'Midel', 'PCC387', 'Albania', '2021-10-24 07:44:34');
insert into departures (id, airline, flight_number, destination, departure_at) values (32, 'Janyx', 'DNM023', 'Slovenia', '2021-10-27 08:00:30');
insert into departures (id, airline, flight_number, destination, departure_at) values (33, 'Edgepulse', 'CIN412', 'Indonesia', '2021-10-29 09:54:28');
insert into departures (id, airline, flight_number, destination, departure_at) values (34, 'Gigashots', 'FDE692', 'China', '2021-10-25 07:22:44');
insert into departures (id, airline, flight_number, destination, departure_at) values (35, 'Zoomdog', 'VRF971', 'China', '2021-10-25 13:39:07');
insert into departures (id, airline, flight_number, destination, departure_at) values (36, 'Kayveo', 'DCL288', 'Palestinian Territory', '2021-10-29 02:59:45');
insert into departures (id, airline, flight_number, destination, departure_at) values (37, 'Kaymbo', 'XPM257', 'Mexico', '2021-10-24 21:45:04');
insert into departures (id, airline, flight_number, destination, departure_at) values (38, 'Feedmix', 'AIW363', 'China', '2021-10-26 12:04:48');
insert into departures (id, airline, flight_number, destination, departure_at) values (39, 'Nlounge', 'IOJ065', 'China', '2021-10-28 11:58:40');
insert into departures (id, airline, flight_number, destination, departure_at) values (40, 'Realpoint', 'DHS230', 'Russia', '2021-10-27 02:30:08');
insert into departures (id, airline, flight_number, destination, departure_at) values (41, 'Flipstorm', 'BIY736', 'Uganda', '2021-10-25 03:00:07');
insert into departures (id, airline, flight_number, destination, departure_at) values (42, 'Blogspan', 'LZH528', 'Chile', '2021-10-25 10:27:40');
insert into departures (id, airline, flight_number, destination, departure_at) values (43, 'Tazz', 'DIR169', 'Ukraine', '2021-10-27 07:15:53');
insert into departures (id, airline, flight_number, destination, departure_at) values (44, 'Skyble', 'PWT444', 'Indonesia', '2021-10-26 17:01:37');
insert into departures (id, airline, flight_number, destination, departure_at) values (45, 'Demizz', 'WZJ502', 'Russia', '2021-10-26 21:05:45');
insert into departures (id, airline, flight_number, destination, departure_at) values (46, 'Oyonder', 'FIT471', 'Norway', '2021-10-27 00:43:24');
insert into departures (id, airline, flight_number, destination, departure_at) values (47, 'Topicshots', 'UGY354', 'France', '2021-10-27 20:37:51');
insert into departures (id, airline, flight_number, destination, departure_at) values (48, 'Meetz', 'YNV148', 'Syria', '2021-10-27 03:35:43');
insert into departures (id, airline, flight_number, destination, departure_at) values (49, 'Jamia', 'NMI394', 'Colombia', '2021-10-27 11:52:55');
insert into departures (id, airline, flight_number, destination, departure_at) values (50, 'Thoughtsphere', 'QNT230', 'Poland', '2021-10-26 20:36:21');

insert into staff (id, name, department, last_shift, hired_at) values (1, 'Carrissa Musso', 'Customs', '2021-10-24 16:18:25', '31/8/2020');
insert into staff (id, name, department, last_shift, hired_at) values (2, 'Liza Sussex', 'Reception', '2021-10-27 07:44:49', '20/4/2020');
insert into staff (id, name, department, last_shift, hired_at) values (3, 'Carter Straughan', 'Customs', '2021-10-27 09:43:30', '6/3/2021');
insert into staff (id, name, department, last_shift, hired_at) values (4, 'Jack Kuhne', 'Cleaner', '2021-10-28 00:26:35', '5/4/2020');
insert into staff (id, name, department, last_shift, hired_at) values (5, 'Rana Volker', 'Customs', '2021-10-29 08:24:17', '16/2/2020');
insert into staff (id, name, department, last_shift, hired_at) values (6, 'Albertina Tire', 'Customs', '2021-10-28 01:26:02', '24/6/2020');
insert into staff (id, name, department, last_shift, hired_at) values (7, 'Nyssa Davey', 'Cleaner', '2021-10-26 00:04:02', '23/5/2020');
insert into staff (id, name, department, last_shift, hired_at) values (8, 'Gene Bourton', 'Resturant', '2021-10-28 07:52:09', '17/1/2021');
insert into staff (id, name, department, last_shift, hired_at) values (9, 'Corrianne Simoes', 'Security', '2021-10-28 14:08:58', '11/2/2021');
insert into staff (id, name, department, last_shift, hired_at) values (10, 'Lindie Cawthry', 'Customs', '2021-10-25 22:30:19', '12/2/2021');
insert into staff (id, name, department, last_shift, hired_at) values (11, 'Arnoldo Bools', 'Security', '2021-10-27 00:52:43', '26/9/2020');
insert into staff (id, name, department, last_shift, hired_at) values (12, 'Blinnie Davisson', 'Reception', '2021-10-26 21:07:33', '14/8/2020');
insert into staff (id, name, department, last_shift, hired_at) values (13, 'Mirabel Kerslake', 'Reception', '2021-10-24 10:44:41', '8/6/2020');
insert into staff (id, name, department, last_shift, hired_at) values (14, 'Francois Johncey', 'Reception', '2021-10-24 14:20:46', '4/4/2020');
insert into staff (id, name, department, last_shift, hired_at) values (15, 'Kim Guido', 'Resturant', '2021-10-25 04:36:42', '3/5/2020');
insert into staff (id, name, department, last_shift, hired_at) values (16, 'Birdie Braybrook', 'Reception', '2021-10-27 10:20:24', '7/7/2020');
insert into staff (id, name, department, last_shift, hired_at) values (17, 'Sunny Kike', 'Resturant', '2021-10-26 02:04:30', '16/1/2021');
insert into staff (id, name, department, last_shift, hired_at) values (18, 'Remington Ebbitt', 'Customs', '2021-10-24 08:53:14', '6/2/2020');
insert into staff (id, name, department, last_shift, hired_at) values (19, 'Gabbey Ragsdall', 'Security', '2021-10-24 03:35:28', '28/3/2021');
insert into staff (id, name, department, last_shift, hired_at) values (20, 'Silvio Sleney', 'Reception', '2021-10-29 08:59:53', '1/8/2020');
insert into staff (id, name, department, last_shift, hired_at) values (21, 'Storm Beville', 'Cleaner', '2021-10-27 19:05:49', '30/10/2020');
insert into staff (id, name, department, last_shift, hired_at) values (22, 'Edi Lakey', 'Security', '2021-10-29 03:25:39', '25/5/2020');
insert into staff (id, name, department, last_shift, hired_at) values (23, 'Cortney Ridger', 'Security', '2021-10-24 06:07:19', '26/9/2020');
insert into staff (id, name, department, last_shift, hired_at) values (24, 'Emmit Schiersch', 'Security', '2021-10-26 23:15:38', '14/1/2021');
insert into staff (id, name, department, last_shift, hired_at) values (25, 'Paulina Cordero', 'Customs', '2021-10-26 14:50:36', '28/3/2020');
insert into staff (id, name, department, last_shift, hired_at) values (26, 'Darsie McMinn', 'Reception', '2021-10-25 07:53:11', '1/4/2020');
insert into staff (id, name, department, last_shift, hired_at) values (27, 'Lilias Cleveley', 'Cleaner', '2021-10-27 02:08:19', '24/12/2020');
insert into staff (id, name, department, last_shift, hired_at) values (28, 'Mufinella Cottisford', 'Resturant', '2021-10-26 07:23:07', '23/8/2020');
insert into staff (id, name, department, last_shift, hired_at) values (29, 'Stesha Conklin', 'Cleaner', '2021-10-25 14:46:24', '7/1/2021');
insert into staff (id, name, department, last_shift, hired_at) values (30, 'Timotheus Perulli', 'Customs', '2021-10-25 22:20:39', '11/2/2021');
insert into staff (id, name, department, last_shift, hired_at) values (31, 'Arthur Cadlock', 'Cleaner', '2021-10-26 02:37:50', '24/10/2020');
insert into staff (id, name, department, last_shift, hired_at) values (32, 'Sandi Coping', 'Customs', '2021-10-24 00:14:29', '12/4/2020');
insert into staff (id, name, department, last_shift, hired_at) values (33, 'Lancelot Wysome', 'Customs', '2021-10-24 03:14:25', '14/11/2020');
insert into staff (id, name, department, last_shift, hired_at) values (34, 'Nowell Friary', 'Customs', '2021-10-28 04:51:58', '14/3/2021');
insert into staff (id, name, department, last_shift, hired_at) values (35, 'Dedra Hargroves', 'Cleaner', '2021-10-28 19:06:57', '16/4/2021');
insert into staff (id, name, department, last_shift, hired_at) values (36, 'Timothy Gooday', 'Security', '2021-10-28 18:04:34', '13/8/2020');
insert into staff (id, name, department, last_shift, hired_at) values (37, 'Esma Thexton', 'Customs', '2021-10-24 02:41:20', '26/10/2020');
insert into staff (id, name, department, last_shift, hired_at) values (38, 'Kaitlynn Sekulla', 'Customs', '2021-10-26 23:21:25', '24/5/2020');
insert into staff (id, name, department, last_shift, hired_at) values (39, 'Douglas Colmore', 'Cleaner', '2021-10-27 01:42:12', '31/8/2020');
insert into staff (id, name, department, last_shift, hired_at) values (40, 'Loni Penwarden', 'Security', '2021-10-24 10:25:47', '4/1/2021');
insert into staff (id, name, department, last_shift, hired_at) values (41, 'Wilt Lodemann', 'Security', '2021-10-25 19:22:39', '21/4/2020');
insert into staff (id, name, department, last_shift, hired_at) values (42, 'Bette Rodrig', 'Cleaner', '2021-10-29 07:23:34', '26/6/2020');
insert into staff (id, name, department, last_shift, hired_at) values (43, 'Tabby Mars', 'Resturant', '2021-10-29 11:21:39', '28/11/2020');
insert into staff (id, name, department, last_shift, hired_at) values (44, 'Chaim Hedger', 'Reception', '2021-10-29 09:47:36', '15/2/2021');
insert into staff (id, name, department, last_shift, hired_at) values (45, 'Simmonds Rugge', 'Cleaner', '2021-10-25 06:22:19', '11/8/2020');
insert into staff (id, name, department, last_shift, hired_at) values (46, 'Christye Dudmarsh', 'Resturant', '2021-10-28 00:37:08', '3/4/2020');
insert into staff (id, name, department, last_shift, hired_at) values (47, 'Sheffield Lammert', 'Reception', '2021-10-24 09:18:38', '12/3/2020');
insert into staff (id, name, department, last_shift, hired_at) values (48, 'Valentine Ruppel', 'Reception', '2021-10-29 18:28:38', '27/10/2020');
insert into staff (id, name, department, last_shift, hired_at) values (49, 'Athena Hoopper', 'Customs', '2021-10-25 06:53:14', '27/3/2021');
insert into staff (id, name, department, last_shift, hired_at) values (50, 'Trudie Drohun', 'Resturant', '2021-10-29 16:07:03', '27/4/2020');

insert into security_observation (id, observation, staff_member, created_at, caution_level) values (1, null, 9, '2021-10-26 23:30:49', 2);
insert into security_observation (id, observation, staff_member, created_at, caution_level) values (2, null, 40, '2021-10-29 04:59:41', 8);
insert into security_observation (id, observation, staff_member, created_at, caution_level) values (3, null, 19, '2021-10-29 09:34:44', 3);
insert into security_observation (id, observation, staff_member, created_at, caution_level) values (4, null, 23, '2021-10-28 08:08:05', 1);
insert into security_observation (id, observation, staff_member, created_at, caution_level) values (5, null, 40, '2021-10-24 06:33:36', 2);
insert into security_observation (id, observation, staff_member, created_at, caution_level) values (6, null, 36, '2021-10-29 18:38:01', 5);
insert into security_observation (id, observation, staff_member, created_at, caution_level) values (7, null, 11, '2021-10-28 09:29:12', 6);
insert into security_observation (id, observation, staff_member, created_at, caution_level) values (8, null, 9, '2021-10-27 17:01:40', 8);
insert into security_observation (id, observation, staff_member, created_at, caution_level) values (9, null, 22, '2021-10-29 00:36:05', 4);
insert into security_observation (id, observation, staff_member, created_at, caution_level) values (10, null, 40, '2021-10-24 07:23:01', 1);

insert into travelers (id, passport_id, departure_id) values (1, 88, 40);
insert into travelers (id, passport_id, departure_id) values (2, 217, 36);
insert into travelers (id, passport_id, departure_id) values (3, 294, 6);
insert into travelers (id, passport_id, departure_id) values (4, 51, 5);
insert into travelers (id, passport_id, departure_id) values (5, 112, 11);
insert into travelers (id, passport_id, departure_id) values (6, 81, 15);
insert into travelers (id, passport_id, departure_id) values (7, 127, 30);
insert into travelers (id, passport_id, departure_id) values (8, 104, 13);
insert into travelers (id, passport_id, departure_id) values (9, 202, 15);
insert into travelers (id, passport_id, departure_id) values (10, 248, 50);
insert into travelers (id, passport_id, departure_id) values (11, 101, 6);
insert into travelers (id, passport_id, departure_id) values (12, 252, 42);
insert into travelers (id, passport_id, departure_id) values (13, 271, 46);
insert into travelers (id, passport_id, departure_id) values (14, 253, 18);
insert into travelers (id, passport_id, departure_id) values (15, 30, 36);
insert into travelers (id, passport_id, departure_id) values (16, 23, 24);
insert into travelers (id, passport_id, departure_id) values (17, 294, 50);
insert into travelers (id, passport_id, departure_id) values (18, 85, 6);
insert into travelers (id, passport_id, departure_id) values (19, 208, 49);
insert into travelers (id, passport_id, departure_id) values (20, 134, 21);
insert into travelers (id, passport_id, departure_id) values (21, 17, 27);
insert into travelers (id, passport_id, departure_id) values (22, 271, 46);
insert into travelers (id, passport_id, departure_id) values (23, 243, 12);
insert into travelers (id, passport_id, departure_id) values (24, 76, 20);
insert into travelers (id, passport_id, departure_id) values (25, 177, 44);
insert into travelers (id, passport_id, departure_id) values (26, 22, 50);
insert into travelers (id, passport_id, departure_id) values (27, 161, 24);
insert into travelers (id, passport_id, departure_id) values (28, 86, 8);
insert into travelers (id, passport_id, departure_id) values (29, 269, 47);
insert into travelers (id, passport_id, departure_id) values (30, 119, 26);
insert into travelers (id, passport_id, departure_id) values (31, 155, 35);
insert into travelers (id, passport_id, departure_id) values (32, 46, 19);
insert into travelers (id, passport_id, departure_id) values (33, 258, 42);
insert into travelers (id, passport_id, departure_id) values (34, 163, 23);
insert into travelers (id, passport_id, departure_id) values (35, 241, 31);
insert into travelers (id, passport_id, departure_id) values (36, 243, 28);
insert into travelers (id, passport_id, departure_id) values (37, 119, 46);
insert into travelers (id, passport_id, departure_id) values (38, 265, 41);
insert into travelers (id, passport_id, departure_id) values (39, 179, 38);
insert into travelers (id, passport_id, departure_id) values (40, 66, 13);
insert into travelers (id, passport_id, departure_id) values (41, 241, 14);
insert into travelers (id, passport_id, departure_id) values (42, 253, 46);
insert into travelers (id, passport_id, departure_id) values (43, 167, 40);
insert into travelers (id, passport_id, departure_id) values (44, 55, 20);
insert into travelers (id, passport_id, departure_id) values (45, 129, 16);
insert into travelers (id, passport_id, departure_id) values (46, 127, 10);
insert into travelers (id, passport_id, departure_id) values (47, 234, 14);
insert into travelers (id, passport_id, departure_id) values (48, 202, 15);
insert into travelers (id, passport_id, departure_id) values (49, 26, 12);
insert into travelers (id, passport_id, departure_id) values (50, 9, 38);
insert into travelers (id, passport_id, departure_id) values (51, 88, 32);
insert into travelers (id, passport_id, departure_id) values (52, 141, 34);
insert into travelers (id, passport_id, departure_id) values (53, 237, 29);
insert into travelers (id, passport_id, departure_id) values (54, 205, 39);
insert into travelers (id, passport_id, departure_id) values (55, 168, 21);
insert into travelers (id, passport_id, departure_id) values (56, 228, 5);
insert into travelers (id, passport_id, departure_id) values (57, 296, 46);
insert into travelers (id, passport_id, departure_id) values (58, 109, 28);
insert into travelers (id, passport_id, departure_id) values (59, 129, 50);
insert into travelers (id, passport_id, departure_id) values (60, 174, 48);
insert into travelers (id, passport_id, departure_id) values (61, 131, 6);
insert into travelers (id, passport_id, departure_id) values (62, 234, 44);
insert into travelers (id, passport_id, departure_id) values (63, 113, 27);
insert into travelers (id, passport_id, departure_id) values (64, 209, 28);
insert into travelers (id, passport_id, departure_id) values (65, 77, 49);
insert into travelers (id, passport_id, departure_id) values (66, 30, 13);
insert into travelers (id, passport_id, departure_id) values (67, 65, 32);
insert into travelers (id, passport_id, departure_id) values (68, 109, 15);
insert into travelers (id, passport_id, departure_id) values (69, 129, 33);
insert into travelers (id, passport_id, departure_id) values (70, 21, 49);
insert into travelers (id, passport_id, departure_id) values (71, 191, 22);
insert into travelers (id, passport_id, departure_id) values (72, 205, 25);
insert into travelers (id, passport_id, departure_id) values (73, 73, 10);
insert into travelers (id, passport_id, departure_id) values (74, 106, 47);
insert into travelers (id, passport_id, departure_id) values (75, 291, 38);
insert into travelers (id, passport_id, departure_id) values (76, 91, 28);
insert into travelers (id, passport_id, departure_id) values (77, 197, 22);
insert into travelers (id, passport_id, departure_id) values (78, 106, 2);
insert into travelers (id, passport_id, departure_id) values (79, 265, 31);
insert into travelers (id, passport_id, departure_id) values (80, 1, 41);
insert into travelers (id, passport_id, departure_id) values (81, 73, 50);
insert into travelers (id, passport_id, departure_id) values (82, 244, 33);
insert into travelers (id, passport_id, departure_id) values (83, 90, 17);
insert into travelers (id, passport_id, departure_id) values (84, 171, 26);
insert into travelers (id, passport_id, departure_id) values (85, 269, 1);
insert into travelers (id, passport_id, departure_id) values (86, 199, 8);
insert into travelers (id, passport_id, departure_id) values (87, 174, 23);
insert into travelers (id, passport_id, departure_id) values (88, 29, 2);
insert into travelers (id, passport_id, departure_id) values (89, 26, 42);
insert into travelers (id, passport_id, departure_id) values (90, 139, 28);
insert into travelers (id, passport_id, departure_id) values (91, 127, 7);
insert into travelers (id, passport_id, departure_id) values (92, 99, 2);
insert into travelers (id, passport_id, departure_id) values (93, 20, 3);
insert into travelers (id, passport_id, departure_id) values (94, 13, 36);
insert into travelers (id, passport_id, departure_id) values (95, 273, 35);
insert into travelers (id, passport_id, departure_id) values (96, 94, 17);
insert into travelers (id, passport_id, departure_id) values (97, 232, 48);
insert into travelers (id, passport_id, departure_id) values (98, 55, 8);
insert into travelers (id, passport_id, departure_id) values (99, 245, 43);
insert into travelers (id, passport_id, departure_id) values (100, 72, 7);
insert into travelers (id, passport_id, departure_id) values (101, 32, 37);
insert into travelers (id, passport_id, departure_id) values (102, 184, 17);
insert into travelers (id, passport_id, departure_id) values (103, 202, 2);
insert into travelers (id, passport_id, departure_id) values (104, 174, 40);
insert into travelers (id, passport_id, departure_id) values (105, 292, 44);
insert into travelers (id, passport_id, departure_id) values (106, 203, 9);
insert into travelers (id, passport_id, departure_id) values (107, 52, 38);
insert into travelers (id, passport_id, departure_id) values (108, 28, 36);
insert into travelers (id, passport_id, departure_id) values (109, 281, 1);
insert into travelers (id, passport_id, departure_id) values (110, 224, 5);
insert into travelers (id, passport_id, departure_id) values (111, 28, 25);
insert into travelers (id, passport_id, departure_id) values (112, 21, 8);
insert into travelers (id, passport_id, departure_id) values (113, 164, 11);
insert into travelers (id, passport_id, departure_id) values (114, 72, 20);
insert into travelers (id, passport_id, departure_id) values (115, 171, 34);
insert into travelers (id, passport_id, departure_id) values (116, 1, 24);
insert into travelers (id, passport_id, departure_id) values (117, 198, 38);
insert into travelers (id, passport_id, departure_id) values (118, 290, 30);
insert into travelers (id, passport_id, departure_id) values (119, 235, 50);
insert into travelers (id, passport_id, departure_id) values (120, 133, 24);
insert into travelers (id, passport_id, departure_id) values (121, 254, 10);
insert into travelers (id, passport_id, departure_id) values (122, 284, 29);
insert into travelers (id, passport_id, departure_id) values (123, 15, 31);
insert into travelers (id, passport_id, departure_id) values (124, 143, 21);
insert into travelers (id, passport_id, departure_id) values (125, 30, 40);
insert into travelers (id, passport_id, departure_id) values (126, 222, 16);
insert into travelers (id, passport_id, departure_id) values (127, 238, 36);
insert into travelers (id, passport_id, departure_id) values (128, 42, 4);
insert into travelers (id, passport_id, departure_id) values (129, 177, 19);
insert into travelers (id, passport_id, departure_id) values (130, 100, 42);
insert into travelers (id, passport_id, departure_id) values (131, 253, 19);
insert into travelers (id, passport_id, departure_id) values (132, 227, 8);
insert into travelers (id, passport_id, departure_id) values (133, 39, 19);
insert into travelers (id, passport_id, departure_id) values (134, 148, 48);
insert into travelers (id, passport_id, departure_id) values (135, 238, 50);
insert into travelers (id, passport_id, departure_id) values (136, 96, 33);
insert into travelers (id, passport_id, departure_id) values (137, 167, 36);
insert into travelers (id, passport_id, departure_id) values (138, 225, 1);
insert into travelers (id, passport_id, departure_id) values (139, 5, 32);
insert into travelers (id, passport_id, departure_id) values (140, 70, 42);
insert into travelers (id, passport_id, departure_id) values (141, 51, 2);
insert into travelers (id, passport_id, departure_id) values (142, 163, 12);
insert into travelers (id, passport_id, departure_id) values (143, 229, 12);
insert into travelers (id, passport_id, departure_id) values (144, 119, 49);
insert into travelers (id, passport_id, departure_id) values (145, 250, 42);
insert into travelers (id, passport_id, departure_id) values (146, 24, 30);
insert into travelers (id, passport_id, departure_id) values (147, 229, 6);
insert into travelers (id, passport_id, departure_id) values (148, 291, 18);
insert into travelers (id, passport_id, departure_id) values (149, 195, 30);
insert into travelers (id, passport_id, departure_id) values (150, 169, 45);
insert into travelers (id, passport_id, departure_id) values (151, 52, 34);
insert into travelers (id, passport_id, departure_id) values (152, 214, 43);
insert into travelers (id, passport_id, departure_id) values (153, 120, 22);
insert into travelers (id, passport_id, departure_id) values (154, 44, 20);
insert into travelers (id, passport_id, departure_id) values (155, 213, 36);
insert into travelers (id, passport_id, departure_id) values (156, 216, 48);
insert into travelers (id, passport_id, departure_id) values (157, 94, 9);
insert into travelers (id, passport_id, departure_id) values (158, 271, 46);
insert into travelers (id, passport_id, departure_id) values (159, 245, 45);
insert into travelers (id, passport_id, departure_id) values (160, 48, 39);
insert into travelers (id, passport_id, departure_id) values (161, 24, 3);
insert into travelers (id, passport_id, departure_id) values (162, 41, 18);
insert into travelers (id, passport_id, departure_id) values (163, 22, 25);
insert into travelers (id, passport_id, departure_id) values (164, 96, 10);
insert into travelers (id, passport_id, departure_id) values (165, 265, 40);
insert into travelers (id, passport_id, departure_id) values (166, 141, 43);
insert into travelers (id, passport_id, departure_id) values (167, 221, 16);
insert into travelers (id, passport_id, departure_id) values (168, 120, 23);
insert into travelers (id, passport_id, departure_id) values (169, 280, 50);
insert into travelers (id, passport_id, departure_id) values (170, 18, 44);
insert into travelers (id, passport_id, departure_id) values (171, 101, 7);
insert into travelers (id, passport_id, departure_id) values (172, 65, 26);
insert into travelers (id, passport_id, departure_id) values (173, 214, 12);
insert into travelers (id, passport_id, departure_id) values (174, 140, 28);
insert into travelers (id, passport_id, departure_id) values (175, 257, 26);
insert into travelers (id, passport_id, departure_id) values (176, 253, 18);
insert into travelers (id, passport_id, departure_id) values (177, 57, 33);
insert into travelers (id, passport_id, departure_id) values (178, 59, 7);
insert into travelers (id, passport_id, departure_id) values (179, 55, 38);
insert into travelers (id, passport_id, departure_id) values (180, 282, 28);
insert into travelers (id, passport_id, departure_id) values (181, 251, 3);
insert into travelers (id, passport_id, departure_id) values (182, 137, 34);
insert into travelers (id, passport_id, departure_id) values (183, 39, 12);
insert into travelers (id, passport_id, departure_id) values (184, 283, 6);
insert into travelers (id, passport_id, departure_id) values (185, 193, 46);
insert into travelers (id, passport_id, departure_id) values (186, 19, 14);
insert into travelers (id, passport_id, departure_id) values (187, 105, 4);
insert into travelers (id, passport_id, departure_id) values (188, 87, 36);
insert into travelers (id, passport_id, departure_id) values (189, 92, 18);
insert into travelers (id, passport_id, departure_id) values (190, 82, 33);
insert into travelers (id, passport_id, departure_id) values (191, 210, 5);
insert into travelers (id, passport_id, departure_id) values (192, 185, 4);
insert into travelers (id, passport_id, departure_id) values (193, 202, 12);
insert into travelers (id, passport_id, departure_id) values (194, 168, 31);
insert into travelers (id, passport_id, departure_id) values (195, 287, 18);
insert into travelers (id, passport_id, departure_id) values (196, 64, 50);
insert into travelers (id, passport_id, departure_id) values (197, 120, 1);
insert into travelers (id, passport_id, departure_id) values (198, 11, 25);
insert into travelers (id, passport_id, departure_id) values (199, 123, 42);
insert into travelers (id, passport_id, departure_id) values (200, 191, 24);
insert into travelers (id, passport_id, departure_id) values (201, 251, 43);
insert into travelers (id, passport_id, departure_id) values (202, 86, 49);
insert into travelers (id, passport_id, departure_id) values (203, 125, 23);
insert into travelers (id, passport_id, departure_id) values (204, 245, 21);
insert into travelers (id, passport_id, departure_id) values (205, 24, 35);
insert into travelers (id, passport_id, departure_id) values (206, 16, 29);
insert into travelers (id, passport_id, departure_id) values (207, 109, 40);
insert into travelers (id, passport_id, departure_id) values (208, 123, 39);
insert into travelers (id, passport_id, departure_id) values (209, 39, 19);
insert into travelers (id, passport_id, departure_id) values (210, 60, 1);
insert into travelers (id, passport_id, departure_id) values (211, 262, 50);
insert into travelers (id, passport_id, departure_id) values (212, 150, 15);
insert into travelers (id, passport_id, departure_id) values (213, 89, 48);
insert into travelers (id, passport_id, departure_id) values (214, 297, 41);
insert into travelers (id, passport_id, departure_id) values (215, 200, 11);
insert into travelers (id, passport_id, departure_id) values (216, 32, 49);
insert into travelers (id, passport_id, departure_id) values (217, 213, 19);
insert into travelers (id, passport_id, departure_id) values (218, 60, 27);
insert into travelers (id, passport_id, departure_id) values (219, 233, 10);
insert into travelers (id, passport_id, departure_id) values (220, 33, 25);
insert into travelers (id, passport_id, departure_id) values (221, 125, 14);
insert into travelers (id, passport_id, departure_id) values (222, 206, 48);
insert into travelers (id, passport_id, departure_id) values (223, 118, 39);
insert into travelers (id, passport_id, departure_id) values (224, 241, 18);
insert into travelers (id, passport_id, departure_id) values (225, 273, 33);
insert into travelers (id, passport_id, departure_id) values (226, 155, 11);
insert into travelers (id, passport_id, departure_id) values (227, 272, 4);
insert into travelers (id, passport_id, departure_id) values (228, 269, 45);
insert into travelers (id, passport_id, departure_id) values (229, 177, 37);
insert into travelers (id, passport_id, departure_id) values (230, 209, 33);
insert into travelers (id, passport_id, departure_id) values (231, 47, 11);
insert into travelers (id, passport_id, departure_id) values (232, 130, 28);
insert into travelers (id, passport_id, departure_id) values (233, 237, 33);
insert into travelers (id, passport_id, departure_id) values (234, 55, 30);
insert into travelers (id, passport_id, departure_id) values (235, 184, 33);
insert into travelers (id, passport_id, departure_id) values (236, 222, 2);
insert into travelers (id, passport_id, departure_id) values (237, 60, 32);
insert into travelers (id, passport_id, departure_id) values (238, 263, 49);
insert into travelers (id, passport_id, departure_id) values (239, 263, 35);
insert into travelers (id, passport_id, departure_id) values (240, 272, 14);
insert into travelers (id, passport_id, departure_id) values (241, 141, 10);
insert into travelers (id, passport_id, departure_id) values (242, 105, 8);
insert into travelers (id, passport_id, departure_id) values (243, 197, 29);
insert into travelers (id, passport_id, departure_id) values (244, 49, 20);
insert into travelers (id, passport_id, departure_id) values (245, 213, 32);
insert into travelers (id, passport_id, departure_id) values (246, 181, 11);
insert into travelers (id, passport_id, departure_id) values (247, 264, 12);
insert into travelers (id, passport_id, departure_id) values (248, 124, 13);
insert into travelers (id, passport_id, departure_id) values (249, 140, 40);
insert into travelers (id, passport_id, departure_id) values (250, 55, 17);
insert into travelers (id, passport_id, departure_id) values (251, 165, 1);
insert into travelers (id, passport_id, departure_id) values (252, 61, 10);
insert into travelers (id, passport_id, departure_id) values (253, 54, 41);
insert into travelers (id, passport_id, departure_id) values (254, 284, 6);
insert into travelers (id, passport_id, departure_id) values (255, 49, 5);
insert into travelers (id, passport_id, departure_id) values (256, 275, 4);
insert into travelers (id, passport_id, departure_id) values (257, 279, 9);
insert into travelers (id, passport_id, departure_id) values (258, 268, 26);
insert into travelers (id, passport_id, departure_id) values (259, 239, 49);
insert into travelers (id, passport_id, departure_id) values (260, 232, 2);
insert into travelers (id, passport_id, departure_id) values (261, 28, 20);
insert into travelers (id, passport_id, departure_id) values (262, 74, 14);
insert into travelers (id, passport_id, departure_id) values (263, 293, 34);
insert into travelers (id, passport_id, departure_id) values (264, 16, 39);
insert into travelers (id, passport_id, departure_id) values (265, 5, 18);
insert into travelers (id, passport_id, departure_id) values (266, 165, 20);
insert into travelers (id, passport_id, departure_id) values (267, 36, 18);
insert into travelers (id, passport_id, departure_id) values (268, 105, 6);
insert into travelers (id, passport_id, departure_id) values (269, 54, 35);
insert into travelers (id, passport_id, departure_id) values (270, 205, 1);
insert into travelers (id, passport_id, departure_id) values (271, 275, 27);
insert into travelers (id, passport_id, departure_id) values (272, 95, 34);
insert into travelers (id, passport_id, departure_id) values (273, 172, 12);
insert into travelers (id, passport_id, departure_id) values (274, 151, 12);
insert into travelers (id, passport_id, departure_id) values (275, 106, 40);
insert into travelers (id, passport_id, departure_id) values (276, 70, 42);
insert into travelers (id, passport_id, departure_id) values (277, 293, 18);
insert into travelers (id, passport_id, departure_id) values (278, 78, 22);
insert into travelers (id, passport_id, departure_id) values (279, 202, 16);
insert into travelers (id, passport_id, departure_id) values (280, 21, 44);
insert into travelers (id, passport_id, departure_id) values (281, 172, 39);
insert into travelers (id, passport_id, departure_id) values (282, 95, 37);
insert into travelers (id, passport_id, departure_id) values (283, 224, 1);
insert into travelers (id, passport_id, departure_id) values (284, 187, 8);
insert into travelers (id, passport_id, departure_id) values (285, 200, 17);
insert into travelers (id, passport_id, departure_id) values (286, 222, 27);
insert into travelers (id, passport_id, departure_id) values (287, 284, 47);
insert into travelers (id, passport_id, departure_id) values (288, 210, 5);
insert into travelers (id, passport_id, departure_id) values (289, 72, 39);
insert into travelers (id, passport_id, departure_id) values (290, 133, 19);
insert into travelers (id, passport_id, departure_id) values (291, 114, 9);
insert into travelers (id, passport_id, departure_id) values (292, 18, 13);
insert into travelers (id, passport_id, departure_id) values (293, 159, 13);
insert into travelers (id, passport_id, departure_id) values (294, 91, 36);
insert into travelers (id, passport_id, departure_id) values (295, 273, 49);
insert into travelers (id, passport_id, departure_id) values (296, 62, 1);
insert into travelers (id, passport_id, departure_id) values (297, 230, 26);
insert into travelers (id, passport_id, departure_id) values (298, 122, 25);
insert into travelers (id, passport_id, departure_id) values (299, 149, 31);
insert into travelers (id, passport_id, departure_id) values (300, 37, 2);

SELECT * FROM animals WHERE vaccinated IS false;
SELECT * FROM passports WHERE id=129;

SELECT * FROM passports WHERE hair_color="Blonde" AND height > 174 AND height < 186 AND gender="Female";
SELECT * FROM passports WHERE name="Wenona Madle";

-- Wenona Madle, id: 129
-- Blonde, 175 - 185, Female
-- Dog: 15